comment_id,text
Ugx6DWB8bUSBs_Jqp_J4AaABAg,anyone from 2025
UgyC0EJ2EjL_sicDZ7N4AaABAg,sidhu moose wala lovers kidher hain ?
UgxP1qyutebik1UmAZp4AaABAg,2025 kon kon dekh raha hai like karo
Ugw_kBVmYJ0XBg3AIdl4AaABAg,2025 jan attendance
Ugz9mo-aVZnvDs6M6qd4AaABAg,wow 2025
UgzvFGMsovwvGCLUFBN4AaABAg,anyone from 2025 15 january
Ugxi-hTaXPei-apA-A54AaABAg,anyone in 2025
UgwrKJGFRvlfdmMuRC94AaABAg,any one 2025
UgyExn95f5ZDFjBgLXN4AaABAg,shekh chilli sunke aya
UgzdYaQoJL0gP0y7RIZ4AaABAg,2025 mai hai koi
UgzmekehP4eMOquIiC54AaABAg,any one from 2025
Ugz36gpQGurkClLMsC94AaABAg,anyone in 2025
UgwQZmMrQrVe0L6z_Lx4AaABAg,bhai emibai bantai se panga matle bhai rafu kya samja eye bacha hai tu rafu
UgxkzSWcA6luQQSRVrp4AaABAg,kon kon 2025 me sun raha he
UgxMiZLelTkmngOdgbF4AaABAg,"anyone from 2025 a href"""
UgzSNzBlRVJk7b7etKB4AaABAg,2025 still gives chills the era of diss
Ugy0JdyPwtmd_nfAwU94AaABAg,anyone from 2025?
UgzKy7DPnng7Uql998R4AaABAg,2025 me kon kon dekra
UgzgwP41jwpSkLOCdOJ4AaABAg,2025 me bhi sunn rahe h
UgyQSKrA_ZrmPPy2bM94AaABAg,anyone in 2025 ?
Ugyn4krxA9VfvCc2joR4AaABAg,2025 any one?
UgyX28KN9PNVttkTSSJ4AaABAg,2025 main kon kon hai
UgyQwmZ5Fi8PDFWZjCV4AaABAg,mujhse panga liya he brsehana padega
UgyEPh0pDyRZL5X7Ajh4AaABAg,any 2025
UgwJQwD_RQSKe0x1Up94AaABAg,
UgzJrmUSRxc0bkMnlah4AaABAg,anyone from 2025 ??
Ugx8q7E-Tsz-ungEROZ4AaABAg,anyone from 2025 ?
UgyebbE_vabKlCqxMV14AaABAg,any from 2025 ?
UgwSESLmgYrt8i2yfsx4AaABAg,king of rap industry
UgwFF_DxhXgEBLDobtl4AaABAg,
UgwI3saYzZQmqts8ulF4AaABAg,giragtaarbrraftaar
Ugx3wFDABtOT9dGVO1d4AaABAg,sachha musalman hu yeline bilkul sahi boli hai aapne
UgzpHRH3Yg7S8wR7fCR4AaABAg,anyone 2025
UgyzDs8D3raPaCBRlUV4AaABAg,who39;s rewhech 2025 ?
Ugy0TUmHEVxk-V46rqd4AaABAg,koun koun 2025 wala hai
Ugz0aFkYPNgltlbppxR4AaABAg,who hear in 2025
UgxOyLeku2RYizaW6fh4AaABAg,anyone from. 2025 ?
UgxgDF-qV24HZcKgxNx4AaABAg,muh lo
Ugx6ofUgouuXbbbnVLh4AaABAg,anyone from 2025?
Ugyetvp_m1JeurSgY6x4AaABAg,2025 bolte
UgwoPmx3Y0SNYWr41pF4AaABAg,2025
UgymtiC4VxwFncLlM1d4AaABAg,anyone from 2025 ?
UgxhilUT0XedgDHosOR4AaABAg,anyone 2025
UgzLT_SE1ozT8lgexNl4AaABAg,anyone in 2025?
Ugw-7K7kqLIkgGyUrgV4AaABAg,mohalle me dj par baja diya
UgyvUF-1FpuNXW_zN494AaABAg,i felt lucky to witnessed this rap battle
UgyaeZZsbJXiLjRUVxF4AaABAg,according to emiway song is just to screammm brbahi nahi jama gana. brbrit is clear raftar won the game brbrbrbremiway is just too overrated
UgwjW1muA1_Du__Ngmd4AaABAg,anyone from 2025?
UgxdqzLcIcf8aBpfZN94AaABAg,anyone 2k25
UgzcmpgGWLeP_4zDFzp4AaABAg,anyone from 2025 ?
Ugz1LPQyqcgtO-IhuER4AaABAg,anyone in 2025???
UgzoLU9wB-wlgtKZCxJ4AaABAg,anyone from 2025?
Ugw5kMf_ndOxJQMRMb54AaABAg,anyone from 2025?
UgwYJkgURwXa3rLclwl4AaABAg,cool
UgyuhCoxSWsV0k1kUpR4AaABAg,2025?
Ugygb50-vEWxT8CZljd4AaABAg,any one in 2025
Ugyp___SwReRQfFzP3h4AaABAg,who is listening 2025
UgwuOYi4fwX8eqRhFS54AaABAg,any one 2025
UgxSRPbJe33pgewtiWF4AaABAg,anyone from 2025??
Ugy-6eqKxX3L8yL7TKZ4AaABAg,anyone 2025
Ugw710V0pupnhK98Mah4AaABAg,anyone in 2025
UgzK2bNnfNg7LddvBQd4AaABAg,anyone from 2025?
UgzZXHyWbPk-5gsPqq54AaABAg,anyone 2030???
Ugz3N9aFjP9vC2yvZiV4AaABAg,shabbas merijan
UgwdW21djlFB7Kum_Xx4AaABAg,2025?
UgykUczU-Nm8CgF8kNJ4AaABAg,anyone in 2025 ?
UgxaQxqfT4r1ns5mGel4AaABAg,2025 anyone??
UgwyfvhIY0TPPrVc7wZ4AaABAg,anyone from 2025
UgxJG22Uf9DmKPbMZ1N4AaABAg,2025 and this beef still make no sense brand where ever raftaar goes there is controversybrand emiway said mere naam tu bahot time ke baad bhi ayega
UgxMJiTmJ_HMFkpM88R4AaABAg,2025
UgzvFok0yKa78p8oHhB4AaABAg,anyone from 2025?
UgwV_C6N0NiKWVfJ4Ht4AaABAg,gana bna
Ugzc1QB0mDodLLllfqN4AaABAg,anyone 2025.?
UgyJvNDi8uHBN4_4gRx4AaABAg,bhai fir se disss kardo ...bharwe ko
UgwLcPgpCJUGE086YPt4AaABAg,2025 still enjoying
Ugwy3-5uRgX7_BFJLNd4AaABAg,2025
UgyHYIqdG76lSlkilAh4AaABAg,anyone from 2025
UgyuuqHxuwhoAtla_bl4AaABAg,anyone still here in 2025?? after 6 years of this song released...
Ugy7dJpMybzDwn0k9Rp4AaABAg,anyone from 2025
UgymznzXojJI4M8uYiR4AaABAg,2025 anyone?
UgzqmnZPODE4qGkJadV4AaABAg,anyone from 2025..?
Ugwyc88DZ5gqMwhQYqx4AaABAg,love you bro
UgxylV_qm5gf4lwr64J4AaABAg,anyone from 2025 ?
Ugy4MV-QOFNOU-vFO9F4AaABAg,neon hoodie says it all
Ugxdc-jb4qZ5Bk1s3f54AaABAg,2025?
Ugzk4RJMdFeRinc9ra94AaABAg,thankyou.........
UgyVMOCWUUpv23B_PRd4AaABAg,2025 mai koi hai kya
Ugy4tVg2uEOSVD4Jyad4AaABAg,anyone from 2025?
UgxONKnSo8e15oXFf454AaABAg,anyone from 2025
UgxwoAhUb9gLXZIWkkV4AaABAg,anyone 2027
UgwMtA8j5gDCAzhf0Pp4AaABAg,anyone 2025
UgxzzWNMVPELJaE4PZp4AaABAg,2025 phir v best beef of dhh
UgxruGcybkdUweB0l0V4AaABAg,anyone from 2025
UgwywqX9cMEQjNrWsrl4AaABAg,raftaar raaa lol
UgwUHAWeDkdMvoyuGsx4AaABAg,raftaar marbake manega
UgxZT_rKlEC4Jvn7Prh4AaABAg,akash is created new past life of akash past ko present mein le aya hai akash by using radha rani sprituality
UgxjWhQTaOFa01h2Vq94AaABAg,akash is created new past life of akash
UgziXlmIZYpQuvvk9Fl4AaABAg,anyone in 2025?
UgxANopyHbkcX13usUZ4AaABAg,anyone is 2025 ???
UgxwzJU3teuWkSsEbv94AaABAg,anyone in 2025
Ugw2iEy8RY79oo5VzOd4AaABAg,anyone from 2025 ???
UgxrO15HELLXrlWoYAt4AaABAg,2025 with same vibe yes or no ? like karon agar mei sahi hui toh
Ugxl-zlYp5I78wIaupt4AaABAg,op bhai
UgylU8uURbszs_muP1F4AaABAg,2025
UgzrN4O16nQUdWBmVXd4AaABAg,anyone in 2025
UgyGbMuEa2mVGSdShul4AaABAg,anyone from 2025?
UgyhIO8Sv3cxhAXbDTZ4AaABAg,2025
UgyN8p029oRxgWk44nt4AaABAg,aaaj samaj me ayi puri kahani broh ye giraftaar or gian saale dalle hain chor like honey paji
UgwxybWLx0MUQP4Dyjp4AaABAg,kuchh bhi ho lekin bhai ki awaaz badi khatarnaak he
Ugx8nAsCSb2bqdG_FpB4AaABAg,2025 ?
Ugw_gju_qONqCsTiNJp4AaABAg,2025 anyone?
UgwwCGbccUU3CdftyjB4AaABAg,anyone from 2025?
UgxGSfwpTSuui0cBZm94AaABAg,anyone from 2025?
UgzQy4bNgae5j8le2rp4AaABAg,koun koun 2025 me sunne aaye hai
UgwYkYkkbup6xTObC2B4AaABAg,anyone from 2025 ?
UgwYkYkkbup6xTObC2B4AaABAg.ACv5xpNqjSHAD9HyIrmRFH,from 2060
UgxCZuUse2vdR-Jug6h4AaABAg,we want yo yo honey singh and emiway bantai collab
UgyAvRkR5zPw0xmHaLB4AaABAg,sorry raftar we were immature in 2019
UgwU34zpyy2n-CXn1_Z4AaABAg,
UgyGronEKG5ZSN-OuG94AaABAg,2025 still fresh
Ugyw6eR7mwCLjzkuvmV4AaABAg,anyone from 2025?
UgwBeF_TscvTodrA6OZ4AaABAg,2025
Ugzao-4J5g2pb7d2oIN4AaABAg,anyone in 2025
UgzaXsRAH9Ag6fbt07Z4AaABAg,yep still watching this og in2025
UgwUg7OhmMNkoBhLR6B4AaABAg,2025
UgxP8l6UWm8bqHWeO8J4AaABAg,2025 anyone?
UgxiNz6JpOMPJb9j4el4AaABAg,2025??????
UgxbHwHQLJlOMsbfOlV4AaABAg,anyone 2025 like karo
UgzO8L9taHSdptaPgct4AaABAg,miss you legend sidhu moose wala
UgwB8f1NLLVFZP0aUFd4AaABAg,
UgxWmhUrfOR_bgSvd654AaABAg,ab samaj mein aaya ki bhai tab thoda yeda tha
UgwZWpQF72I820hDeL14AaABAg,2025
UgypnrdGd1DNKzpsSQB4AaABAg,2025
UgwjiPqJIegnPIv11yB4AaABAg,"udjw,,m,,"
UgzxCJt7wrTOBdRO2D54AaABAg,"quot;anyone, from 2025.,!?"
Ugwsc7yZ1rH7ATQALaB4AaABAg,anyone 2025 ?
Ugzw5Wzd6BOajoiHTcl4AaABAg,anyone from 2025
UgwbvJoU4ZTJdCb0qPN4AaABAg,anyone from 2025?
UgzEH0mJ0xharh5JhCZ4AaABAg,anyone 2081
UgzulS3QB4lZCw05dXN4AaABAg,raftaar never beat emiway
UgyhR7x_7geB-ZJmQml4AaABAg,watching in 2025
Ugyz-aPEy49aMM7Pp6Z4AaABAg,bro i just realised how unlucky i am that i found this gem after 1 year of discovering dhh
UgzzsrfLrBTb9cdfyuV4AaABAg,jan 2025??
UgwhdxNBl3TfiTKyUFp4AaABAg,wishyudh mai chua jarur mar jayega
UgyzLMLWk5QcASPinEN4AaABAg,2025
Ugxe5IAHrJ-A9sJVbl94AaABAg,kon kon 2025 sun rha hai
UgyDYZQyUq92WmC_n6l4AaABAg,dono hi khatarnaak ho bhaibrbut raftaar ka shaikh chilli helicopter ne wajan bada diya
UgxQxi-BAEQMt2mKndB4AaABAg,2025 me kon hai
Ugwc3qJW4dm_J7Ec_C14AaABAg,chalo bol diya ki sacha musalman ni hai. islam mazhab ka dhong krne wle
UgwqrJb2D_l2Z0cyN7Z4AaABAg,2025
Ugw4Q3PKJKM4ipmsf5Z4AaABAg,anyone from 2025?
UgzjsZFgdnZFFDXi1Hh4AaABAg,anyone from 2026 ?
Ugx1nsqCY00R2UTICQx4AaABAg,anyone from 2025?
UgxHjx4SEWOoWb3S5ll4AaABAg,kon 2025 me sun raha hai
Ugy6npBvQZcISTjFkNl4AaABAg,any one in 2025??
UgzXSieqs84xG-MzoVh4AaABAg,2025 kon sunra goosebumps
UgyOnKPWBuxZ8zMLEUF4AaABAg,anyone from 2025?????
UgxXC1H-ss0sItBq5054AaABAg,anyone 2025
UgxBD4SLqR0iV-g2uAF4AaABAg,2025 walo attendance
Ugzcm9QpXJAG6dbvf_J4AaABAg,anyone in 2025
UgxFTp1yFI7vY2fGBQd4AaABAg,2025 1st song
UgyG5IHrIZF0n-3j1FN4AaABAg,anyone 2025
UgwvLnqdvpGfdn20ZRl4AaABAg,anyone from 2025?
Ugyz3keFu12cy27zC354AaABAg,2025 anyone.?
Ugxn_RzfDQHjzWSgYGl4AaABAg,good
UgzUrOCjtWJ0apNUTDt4AaABAg,anyone 2025?
UgxZX0-DcXL0L4SahB14AaABAg,i am from 2025
Ugy_to2CPZqWvyeIJ7d4AaABAg,2025 side
Ugy9wxRq0-5zETwVGNx4AaABAg,anyone from 2025
Ugy-mU9NhsZA7Q_CW6h4AaABAg,happy new year 2025
UgwmXZkyRmlid-HGMVJ4AaABAg,2025
UgwIjNu0aAr3jSpfqOl4AaABAg,bantai flops hai
UgwCcCX4Rt-X_ZfceRF4AaABAg,bhai me dam hai i like bhanti bro
UgysYgVZqF70cuu40cl4AaABAg,anyone 31st december 2024 brbrlast day of 2024
UgzdMmlAhyDv4XynOuV4AaABAg,who is on 1st january 2025
Ugwb-LysKNccc0kTn4d4AaABAg,2025
UgwIFvDTn6OAr66vOx54AaABAg,31122024
UgyLslbZxJ4cmn8oX6Z4AaABAg,any one2025
UgygmtJOWSa712gSA2V4AaABAg,watching it again in
UgwddC1FPRJutNlxH_R4AaABAg,
UgwfcxoQO_8gUNm7fL94AaABAg,anyone in 2025 .?
UgymIyLC3mZgOiobXgV4AaABAg,hard hy bhai bht hard h
UgwKBCwR7qDNwlAFE3p4AaABAg,2026?
UgzESO9v2fOmqi4UHeR4AaABAg,mashallah subhanallah ky soag h bhei
UgwbRLdcEIisXeYB35d4AaABAg,anyone 2025
UgwFRXbP4z6akGeEAuJ4AaABAg,ek number rapper
UgwQ4nSx39-rmXoS8Q94AaABAg,anyone from 2025?
Ugw-kY4EEHtB-yXs1ph4AaABAg,december me kon sun rahe hai 2024
Ugyc4wbr8xJC_ug3yvh4AaABAg,
Ugyd7cvAVpQCOK0xw4F4AaABAg,emiway you wina
Ugzv7fzQqyhNUP8qy1J4AaABAg,everyone watching in 2024
UgyJyKSKaL6u6KJ-4Cl4AaABAg,
UgxqdHdBbkkqbn15y114AaABAg,raftar mardwa ka managa
Ugy8HP5wz41FciYD10h4AaABAg,2026 vale
Ugx6Hcp9M1K9kvvQDQd4AaABAg,
Ugzds6GVhD9co_up-tZ4AaABAg,raftaar to kulfaaa krva diya bhai
Ugw9DEj5KqocEEIkq9F4AaABAg,anyone in 2025?
Ugw9DEj5KqocEEIkq9F4AaABAg.ACTHHOgVt3dAD-6NTTgxm_,"yes bro, i am"
Ugw9DEj5KqocEEIkq9F4AaABAg.ACTHHOgVt3dAD4nSgNGl_8,yes bro
UgwDb5zD4CBZ5kr3-Gt4AaABAg,if a hindu supports a muslim in something then think that the guy is doing really great job
Ugx0eX5x1SmlLXH8IJl4AaABAg,2025????????????
UgwKKXSqPAwGdeif3mV4AaABAg,anyone from dwapara yuga ??
UgxYs4OZcvwqGS3MkCt4AaABAg,mja agya sun ke
Ugz3xQb5qtzQlAKgSVt4AaABAg,kon kon sun raha hai 2025 me
UgzRZqhxkm88iKamzqF4AaABAg,pagal bantai
UgxMecQFAN8zoUnVcC94AaABAg,chilane se nahi bante gaane
UgyHwfWn5IZWKHr_Pgd4AaABAg,2025 me kon dekh rha hai
UgyrToZfkTiCS9PjOEt4AaABAg,bro its 2025 but same goosebumps
Ugy0ZLEFsxv5mLTwSq14AaABAg,listening before exam brenergy braaj yhi chapega
UgyJIIh-1TMP_ZEN1E14AaABAg,130.m
UgygKD1IXNv6tDzb0v14AaABAg,iski takkar ka koi nahi hain
UgwsH_kBV6m-qcfuV194AaABAg,raftaar to raftaar ha bahii
UgxpvcyzIAYPFn3RKXB4AaABAg,2025
UgwhYeWjGHhhfeZsOYl4AaABAg,anyone from 2025
Ugx1BXsuOYAQvkU2_754AaABAg,organic hain bhai
Ugw8GrCV9dxijQzGaeV4AaABAg,emiway
UgxHsan6kKH_ChPqWgZ4AaABAg,"goopwii2m,9,"
UgxcmVnXUHnQ-BoYE-Z4AaABAg,6 year passed but still fire
UgzGhvuVPoMG2bH1R_p4AaABAg,kon kon 2024 ma sun raha hai to like
Ugwvo0qqap3XNqdAGnp4AaABAg,beef rapper legend
UgwTuI2c7MoZdDLH_mF4AaABAg,his pronounce hipophip hop
UgwN5q5JPtSWv3AOcx14AaABAg,2025 attendance
Ugyz0KSZhf-V-2svw594AaABAg,anyone from 2025?
Ugx7DdJX-JAlVtPeXSl4AaABAg,anyone from 2025?
Ugw6W_w3QzXbEFnwq1h4AaABAg,2024..
UgyDLhNs-yQPEE_QBiZ4AaABAg,legendary beef
UgyJ7YU2c1qjyn1mxT54AaABAg,below the ballet diss
UgwuyQ415obzHdQNndd4AaABAg,divine muje kyu beka me le rahe hoo
UgyYqzdcq64GV5RCBo94AaABAg,
UgykZEpLtCVtp-vHTux4AaABAg,g.o.a.t.
UgzNIiZ5U2PwBXQbW894AaABAg,any one feom 2025
UgzNIiZ5U2PwBXQbW894AaABAg.AC5dpjktI0LAC5zgEvjcNP,tu kab pohoch gaya 2025 mey
UgzbqAKKkStPNESjG5B4AaABAg,kya dholai hai bantai bai
Ugwr5yEIwe0C0ODo3At4AaABAg,saccha amp; muslaman is a oxymoron
UgynevGcZVgpjrAQK6d4AaABAg,bhai ka poora scene change kar diya raftar paaji ne
UgyySwWwIPh4kiOOUYp4AaABAg,yaa tera kam nahi haiii ....... paisa too kheagga kaaa
UgyqAyyi9sMDNIcZOFp4AaABAg,raftar crying in corner
Ugzgj0SN31TOMnP-s-V4AaABAg,love you broo
UgxBt5TZw6HLi21pvpt4AaABAg,"islam mein insaniyat nhi hai brquran 95 but when the sacred months expire slay those who associate others with allah in his divinity wherever you find them; seize them, and besiege them, and lie in wait for them. but if they repent and establish the prayer and pay zakah, leave them alone. surely allah is allforgiving, evermerciful.brbrquran 928 believers, those who associate others with allah in his divinity are unclean. so, after the expiry of this year, let them not even go near the sacred mosque. and should you fear poverty, allah will enrich you out of his bounty, if he wills. surely allah is allknowing, allwise.brbrquran 936 surely the reckoning of months, in the sight of allah, is twelve months, laid down in allah39;s decree on the day when he created the heavens and the earth; and out of these months four are sacred. that is the true ordainment. do not, therefore, wrong yourselves, with respect to these months.brbrsurah at tawbah 980brit does not matter whether you o prophet pray for them to be forgiven or not. even if you pray for their forgiveness seventy times, allah will never forgive them. that is because they have lost faith in allah and his messenger. and allah does not guide the rebellious people.brbrsurah albaqarag 2193brfight against them if they persecute you until there is no more persecution, and your devotion will be to allah alone. if they stop persecuting you, let there be no hostility except against the aggressors.brbral nisa 4137brindeed, those who believed then disbelieved, then believed and again disbelievedonly increasing in disbeliefallah will neither forgive them nor guide them to the right way.brbrsurah annisa 498,99brexcept helpless men, women, and children who cannot afford a way out. brit is right to hope that allah will pardon them. for allah is everpardoning, allforgiving.brbralbaqarah 2256brlet there be no compulsion in religion, for the truth stands out clearly from falsehood. so whoever renounces false gods and believes in allah has certainly grasped the firmest, unfailing handhold. and allah is allhearing, allknowing.brbralimran 385brwhoever seeks a way other than islam, it will never be accepted from them, and in the hereafter they will be among the losers.brbrqur39;an 2191brkill them wherever you come upon them1 and drive them out of the places from which they have driven you out. for persecution2 is far worse than killing. and do not fight them at the sacred mosque unless they attack you there. if they do so, then fight themthat is the reward of the disbelievers.brbrqur39;an 2193brfight against them if they persecute you until there is no more persecution, and your devotion will be to allah alone. if they stop persecuting you, let there be no hostility except against the aggressors.brbrqur39;an al baqrah a href"" allah does not forgive associating others with him in worship, but forgives anything else of whoever he wills. and whoever associates others with allah has indeed committed a grave sin.brbralmaidah 572brthose who say, allah is the messiah, son of mary, have certainly fallen into disbelief. the messiah himself said, o children of israel! worship allahmy lord and your lord. whoever associates others with allah in worship will surely be forbidden paradise by allah. their home will be the fire. and the wrongdoers will have no helpers.brbrsurah albaqarah, 2216brfighting has been made obligatory upon you believers, though you dislike it. perhaps you dislike something which is good for you and like something which is bad for you. allah knows and you do not know.brbrsurah almujadilah a href"" believers! when you are told to make room in gatherings, then do so. allah will make room for you in his grace. and if you are told to rise, then do so. allah will elevate those of you who are faithful, and raise those gifted with knowledge in rank. and allah is allaware of what you do.brbrsurah alhajj a href"" to fight back is hereby granted to those being fought, for they have been wronged. and allah is truly most capable of helping them prevail.brbrsurah alhajj a href"" are those who have been expelled from their homes for no reason other than proclaiming our lord is allah. had allah not repelled the aggression of some people by means of others, destruction would have surely claimed monasteries, churches, synagogues, and mosques in which allahs name is often mentioned. allah will certainly help those who stand up for him. allah is truly allpowerful, almighty.brbrquran surah altawbah, ayat 9111brsurely allah has purchased of the believers their lives and their belongings and in return has promised that they shall have paradise. they fight in the way of allah, and slay and are slain. such is the promise he has made incumbent upon himself in the torah, and the gospel, and the qur39;an. who is more faithful to his promise than allah? rejoice, then, in the bargain you have made with him. that indeed is the mighty triumph."
UgxWu2l2AESoXCfsqs14AaABAg,miss old emiway like this track
UgzRkPy8wl7kMwoir3J4AaABAg,raftar ki aukat nahi hai
Ugw04wcUJpwam2W8OGR4AaABAg,anyone from still 2025?
UgzEcJsp5bGndnnBceh4AaABAg,ye to gayab ho gaya bahut jaldi raftaar aaj bhi viral hai
UgzEcJsp5bGndnnBceh4AaABAg.ABxUY0mRqs3ABxmIoqlTjD,ghanta.. 4 billion views raftaar 4 janam mein cross karega
UgzEcJsp5bGndnnBceh4AaABAg.ABxUY0mRqs3ABzEhmV-A6q,kis song me 4b h bhai
UgzEcJsp5bGndnnBceh4AaABAg.ABxUY0mRqs3ABzFhaAqsAC,"only youtube views is 4 billion .. spotify, amazon prime and itunes ke additional.."
UgzEcJsp5bGndnnBceh4AaABAg.ABxUY0mRqs3ABzGB8REE0S,accha overall bol rha h ... raftaar ke interview se pehle toh koe janta nhi tha isko
UgzEcJsp5bGndnnBceh4AaABAg.ABxUY0mRqs3ABzGxm46Ggc,jaise raftaar ko honey singh beef ke pehele koi nai janta tha.. kush reh
UgzEcJsp5bGndnnBceh4AaABAg.ABxUY0mRqs3ABzHNt7dRhQ,ha bhai oyo wali baby tera emigay sb dogley h ... aaj bunty ke views dekh ...oyo ne jaise raftaar badshah ikka ko use kiya tere bunty ko b waise use kiya ...brhaal filal ye h ki. ..bunty ke views aur subs joke h...brbraur tere bunty 285 video dalke 4b views aur raftaar 118 video pe itne overall views hbrbrtu bhi khush reh
UgzEcJsp5bGndnnBceh4AaABAg.ABxUY0mRqs3ABzIEf3Zekn,l viral hai mera
UgzEcJsp5bGndnnBceh4AaABAg.ABxUY0mRqs3ABzIGlfEfsb,raftar ke 118 videos 1 billion bhi cross nai kiya
UgzEcJsp5bGndnnBceh4AaABAg.ABxUY0mRqs3ABzI_zFNos9,bunty ka konsa billion cross kiya
UgzEcJsp5bGndnnBceh4AaABAg.ABxUY0mRqs3ABzIujfyV0W,ek saal k andar jitne bunty ke songs aaye uske views dekh 50lakh bhi paar nhi h
UgzEcJsp5bGndnnBceh4AaABAg.ABxUY0mRqs3AC-bH1Yy9VR,lol.. emiway ke top 2 songs ke views hi raftaar ke lifetime views se jyada hain ..
UgzEcJsp5bGndnnBceh4AaABAg.ABxUY0mRqs3AC0IDqPfl2T,ha ab bs lol gol krega ....brek saal se views nhi aarhe h bunty ke koe sunta hu nhi
UgzEcJsp5bGndnnBceh4AaABAg.ABxUY0mRqs3AC0UMOM7oDT,"chal woh bhi dekh le.. emiway ki last album kal hi, release hui hai.. uske views bhi raftaar ki 3 months pehele wali album se jyada hain brbechara re.. tujhpe to abb daya aa rahi hai"
UgzEcJsp5bGndnnBceh4AaABAg.ABxUY0mRqs3AC0V8dpI8Ai,jhutt bolega bhai .... sastey nashe mt krr ....konsa album raftaar ka 3mahine pehle aaya ....brbrharddrive abhi 3weeks pehle aaya h ...usme bhi uske 3 gaane ek hafta trending me they ....brbrtere bunty ka ek gaana bhi trending me nhi aaya ...brbrbaaki toh aatma janta h bhai bunty ki aukkat ...brbrbolta h independent h fir bigboss me jake gaan marata h .... brbrraftaar jo bhi h khuley aam h tere bunty ki tarah fraud nhi h
UgzEcJsp5bGndnnBceh4AaABAg.ABxUY0mRqs3AC0VElTFBhr,yha bunty ki public oyo wali ko views likes deti h ...aur udhr oyo wali baby ki public bunty ko dekhti bhi nhi h
UgzEcJsp5bGndnnBceh4AaABAg.ABxUY0mRqs3AC0VXmYPBhZ,bhai nashe me h ki gwaar ... 3months pehle konsi album aayi ...brbrabhi hdv2 aayi wo bhi trending me thi ek haftey .... tere bunty ka toh trending me nhi aaya ....brab tk
UgzEcJsp5bGndnnBceh4AaABAg.ABxUY0mRqs3AC0W3lXCQCY,konse nashe me h bhai ...konsi album 3months pehle aayi ... public ko bewkoof mt bna...brbr3week pehle hdv2 aayi wo bhi 3 songs trending me they ...brbrtere bunty ka ek song bhi abtk nhi aaya trending me
UgzEcJsp5bGndnnBceh4AaABAg.ABxUY0mRqs3AC0WtV39vuJ,"abbe raftar ka channel dekh le. 4 weeks pehele 9 tracks release huye hain.. uske views emiway ne apni, new album se 2 din mein cross kar diye"
UgzEcJsp5bGndnnBceh4AaABAg.ABxUY0mRqs3AC0YTf9GMBJ,cross kr liya ... views likes kidr h bhai ...itne subs h fir bhi ye haal h...brabhi toh tu 3months bol rha tha ab 4weeks pe aagya ... gwaar brbrraftaar ke 9 tracks me 3 track trending me they ...tere bunty ka kya haal h
UgzEcJsp5bGndnnBceh4AaABAg.ABxUY0mRqs3AC0YtESkqzH,abhi toh tu 3months bol rha tha bruss 9 tracks me 3 trending me they ...jis din release huye uske 3 ghantey baad ..brbrtera bunty ka toh abhi tk koe track trending me dikh bhi nhi rha
UgzEcJsp5bGndnnBceh4AaABAg.ABxUY0mRqs3AC0ZEiNLsuq,abb tu sirf apna mazzak udwa raha hai bacche ..aur kuch nahi..raftaar ke 4 weeks ke views se jyada emiway ke 2 din mein ..
UgzEcJsp5bGndnnBceh4AaABAg.ABxUY0mRqs3AC0ZTE79YJz,kya joke maara h...baaki bye khush reh
UgzEcJsp5bGndnnBceh4AaABAg.ABxUY0mRqs3AC0a-0lCZ54,bechaara re.. har ek point pe tu laafe khaya..itni beizzati hui teri.. moo to dhak le
UgzEcJsp5bGndnnBceh4AaABAg.ABxUY0mRqs3AC3alN3gdT1,tere profile name pe abhi dhyan gaya.. abb tere actually daya aari hai lmao
UgzEcJsp5bGndnnBceh4AaABAg.ABxUY0mRqs3ACRYZWI0KjU,honey ka aulaad raftaar
UgzEcJsp5bGndnnBceh4AaABAg.ABxUY0mRqs3ACjaVVuI3aX,ko kab use kiya honey ne?? ikka ne toh kabhi nhi bola ulta 6 sal phle wale live m raftar ko expose kardiya tha brbrhate karo lekin thoda limit m
Ugynvt3O3QXyR3SbTyV4AaABAg,bus in dono ki yeh hi ukat hai yo yo paji ke name ki dono bhikari bhikh kha rhe hai
Ugynvt3O3QXyR3SbTyV4AaABAg.ABxLpYSCJvOABxmSqFyBHG,bantai raftaar ko kha gaya and you yo khud emiway ka fan hai
UgxqZ7tc7I11d5mQDwx4AaABAg,jab tak emiway bantai or yo yo honey singh jinda tab tak koi bhii indian hip hop ka king nahii bn sakta h ye dono own krtee h indian rap hiphop scene ko or ha ek baat bolunga haters ko tumhaari baato se ghanta farak nahii padhta baap to emiway or honey singh he h
UgwaswP-qKIyaE5Xo0p4AaABAg,official two fathers of raftaar 1yo yo honey singh br2 emiway bantai
UgzwQRyULwM7BGCfysF4AaABAg,ye raftaar k fans bohot udte h na aak kl raftaar ko hip hop ka king bata te h usk naam k aage raftaar ye emojis lagaate h to betaa sunlo uska baap emiway h raftaar ne aakr live maafi maangi thii emiway se bhai bhai bolkr ghanta kuch nahii hua us chodu se dr gaya vo emiway se emiway official father of raftaar
UgxFDCoE12NyfK-OtIJ4AaABAg,2025 still legendary
Ugwo0M10j5zj1yAhQoJ4AaABAg,anyone from 2025?
UgxCqct_907I0X16I-F4AaABAg,the diss which changed the whole scene of ihh
UgyYj0K9zjdXTs8U6Dd4AaABAg,kutte kitna bhokta hai
UgwcfFAi2anubnWcqHF4AaABAg,good
UgxpuvesyM9lJJuZPZt4AaABAg,once a legend said; chillane se banty rapper kya?
UgyK6b0jxYEP-rzbehV4AaABAg,bantai hatela hai kule aam pela he
UgyD0lTzXPbj-Cm2OSF4AaABAg,
UgwIHL5e16C-whnI-O54AaABAg,chillane se gane nahi bante bhai chilla mat
UgwIHL5e16C-whnI-O54AaABAg.ABnODHn2oVWAC6xv7MSJVJ,chilake gane ka har kisi ke bas ka nhi hard hu chote
UgwMNZG4jjfC8bsTSX14AaABAg,this is the best dissss ever ever ever! brlove from bangladeshi hindus
Ugw3w_BKGAEYbMhKCPl4AaABAg,2024
UgzUe00DkScz5Kia5wJ4AaABAg,chillane se bante hai ganne kya?
Ugw39pc4TYvJToZYBop4AaABAg,apna baap raftaar ko bhul to ni gya
Ugw7V69fbeYuty99nwd4AaABAg,december 2024
Ugwd0wcIs5YEOkCG1od4AaABAg,chhote tu srk nahi srk sirf ek hai
UgyJPkL_CEuVIN-EMRN4AaABAg,who is after rohan vs mtv brnow this song makes more sense.
Ugx1gzhr_qhXq9SZOXB4AaABAg,ab to emiway hi sahi lag raha. bc ye raftaar dogla hai
UgxN65Ypvt1T8EbR5Nd4AaABAg,really intense song but still a banger
UgxPJFq3lm5NxK2Oc-x4AaABAg,2024??
Ugzq35__BraMm1woWHp4AaABAg,emiway bantai malum hai na
UgxHkLuApRMWNC2Jh4N4AaABAg,hop king
UgyJ0MuSW5p9_1_13Ch4AaABAg,advent of hip hop in india starts from here. before this it was very less and meagre
UgxCb-n4cLZ_AAPlOaJ4AaABAg,
Ugxr96bYaFbkmHE5PTd4AaABAg,06122024
UgxmtkP-XNFaJa0fiZl4AaABAg,anyone in december
Ugx3rt3VskiNaq2Mh914AaABAg,dope shope ki bhi 2 line likhi hogi raffu ne fir pura gana claim kar raha hai
UgySRzCTCbR1H0dK3vh4AaABAg,2024 december m kon kon
UgxG3ctEaVxkn9cuspJ4AaABAg,bangladesh 2025
Ugy-XRGthL62goXm1z14AaABAg,both are good but raftaar is justt too good
UgykdBTeWAMAlA4xNUN4AaABAg,raftaar bhai me sach bola tha chillane se bante gaane kya ?
UgykdBTeWAMAlA4xNUN4AaABAg.ABeZQ4soYBkABwn5oSBldI,chilake gaane ka har kisi ke bass ka nhi
UgykdBTeWAMAlA4xNUN4AaABAg.ABeZQ4soYBkACEz2EWfhy7,chilaaaa krr ganee kaa baskkaa bhii nhii hee kisii kee jhatuuu
UgykdBTeWAMAlA4xNUN4AaABAg.ABeZQ4soYBkACTKy7t4JFt,choco du kya
UgwDY4Fpv6tG2cc6S2F4AaABAg,"quot;phone pe baat kiya tha, recharge karaega kya?quot;"
UgwDY4Fpv6tG2cc6S2F4AaABAg.ABdsibhIyplABel92zlGiw,
UgxSsVk4CjR4O6_qFD54AaABAg,anyone 2025
UgzcoLlFaL7AQgbhG6t4AaABAg,where is mr.modi
Ugw24voQ6uriaEfnVWl4AaABAg,but awesome
UgxY3RHv4ZtVIhPx-8J4AaABAg,eminem ka copy song
UgxAqwdlhG9Z4kIRW0B4AaABAg,"a href"" ke baad wow"
UgzVLAPG08zOgh95Z9V4AaABAg,hustle rohan ki controversy ke baad kon kon aaya
UgzVLAPG08zOgh95Z9V4AaABAg.ABZpWephXnaAB_-Dg4W8B4,rohan ki story mein sun lia
UgzVLAPG08zOgh95Z9V4AaABAg.ABZpWephXnaABb48BvuFWo,konsa controversy?
UgwGAb0QVakOXot5FrN4AaABAg,2024me bhi hit song
UgzBso_ZgZ0DfW-rRod4AaABAg,bohot dino bad fir se sun raha hu
UgyYubxlBZ7B20HBnGJ4AaABAg,
UgwwPqyb7ItT1n9fiwh4AaABAg,phirse aagaye thak thak karne 2024 december meh bantai
Ugw_89Naj2uMKxSZBj14AaABAg,who is listening this song in dec 2024
Ugy5wP8M5gRzG9110MB4AaABAg,nitesh bhi sahi hai hare krishna akash bhi achha hai hare krishna akash ek sales man hai alu aur pyaj bhi sale hai
UgzJAIt5nlJr1IRdwWZ4AaABAg,kaam per hua hare krishna
Ugyv-1RaFxikzvVd0l94AaABAg,akash is letrate with twelth class according to satyug hare krishna
UgxycUk6ywe1qGB4GBh4AaABAg,manager of worker as a helper hare krishna
UgwZsaE8EAD_T7IRWit4AaABAg,manager of 12. ghante kaam kar hare krishna
UgzJ4mg0roD9ZmUBLwh4AaABAg,12 ghante kaam kar hare krishna radha raani is created new past life of akash
UgxjHg0_dBwNo_pXO6V4AaABAg,radha raani is created new past life of akash
UgyEl5YzZvDOloY_HSJ4AaABAg,radha raani is created new past life of akash
Ugyt0-vkUgMkbZyeq1J4AaABAg,radha raani is created new past life of akash hare krishna
UgwO8IGQkRXuX8c5nQN4AaABAg,radha raani is created new past life of akash in majra worker
UgyvQK7rg6bL46UMNy14AaABAg,wtf! 6y??
UgwZVdJs-S2z0jL58jh4AaABAg,2025 main kon kon sun raha hai
UgzpG5Jc8nSBxM9RmTF4AaABAg,anyone in 2025
Ugygv2M912QH9VCYQL14AaABAg,real hiphop gt; gimmicks
UgxnEQprdZujOFcPEd94AaABAg,
UgwPBFQ_GEtcDIhocxV4AaABAg,missing this emiway
UgwiXJnI8JcjYsMPKBJ4AaABAg,still undefeated
UgxFgnTdOT4Qmw92Qfh4AaABAg,aslii war toh ye hai
UgxM2UHBl_zhT3RlrCN4AaABAg,giraftar
UgziwiRGSSsfZl5GiX94AaABAg,baap ne bete ko girafftar kar diye arara
UgwFkc_XDPv9oVHythd4AaABAg,anyone from 2024 december?
UgzZ3vuMP7wNUFpkVoB4AaABAg,nice bro
Ugwn56zq70g9qcQ71vl4AaABAg,27112024
UgxCXWqaAwnfsVCm2bx4AaABAg,zindagi me itna gahra shot kisi ne nhi diya hoga aaj takk
Ugy-9Ov5ZJKzS6ylojN4AaABAg,real og idhar chal rha ha
UgzSVbXVJDy2jfobeph4AaABAg,anyone from 2025 onwards
Ugyz4D4ySZrob-G9Y4B4AaABAg,bantai
UgyoOB17GN1M0rNa4cR4AaABAg,too fir 2saal kha tha
UgyBhlsChzb4BT90v-R4AaABAg,fire hai
UgzLiPu7P-xSMLuKWwV4AaABAg,girftar marwake manega
Ugw3hLmX_FIoWt-xdGZ4AaABAg,is time ebmay king hein repper ka
Ugy1XRlCpWG8lUqX9iV4AaABAg,this is the king god emiway
UgzD-zpdfPFB9P0tMrB4AaABAg,rafftharuu
Ugy-F_RSXlKecqyhpe54AaABAg,meri tarah future se kaun aaya hai yah video dekhne..
UgwH-WCTXCK-VVLzvEx4AaABAg,yo yo x emiway
Ugxh4vJkzLERm9NfTG14AaABAg,raftaar emiway
UgzN5eYVh00vLK2P0CV4AaABAg,after 6 years koi logic nahi lag raha emiway k ganne mai. sadega thak thak bak bak karega. brraftaar k pass more facts hai.
UgzN5eYVh00vLK2P0CV4AaABAg.AB3Uwhhx7taABDzgm5nHry,bewkoof the jo ise support kiya.
UgzN5eYVh00vLK2P0CV4AaABAg.AB3Uwhhx7taABVIj2Bt_wt,"fx8pbonce legend aidquot;kya mila ise sar pe chadha ke, mehnge kharche ye bharke dikha dequot;."
UgwiSKKJCQbm1ebBrwp4AaABAg,khimam wala paan
UgyGtBzHRzq3VuLy8PZ4AaABAg,any one in 2025
UgyMOoBYOvG56iwVcO54AaABAg,anyone from 2025?
UgyoYq-ywGxQUbKbY0N4AaABAg,"a href"" best out of best"
Ugzxk8FLbBGZf41ND_94AaABAg,emiway pice
UgzsVhHzP7nCebV95LJ4AaABAg,abe pata nahi iska awaaz itna irritating kyu ye .
UgzGMyNXSz9R2CIuVwV4AaABAg,emiway vai always on fire
UgyjEvfj2fLU1_kPLx94AaABAg,great
UgxOaYlSQlQYIAgirCR4AaABAg,anyone in november 2024
UgwdglzD9SvaOLud4E14AaABAg,desi me gata raftaar use sunke bunty hua tayar
UgwdglzD9SvaOLud4E14AaABAg.AAwgWXBzSUPAAyg20Bzt6E,bantai always respected them at first but they always betrayed him .
UgwWqkK2xgWJiP8WdPZ4AaABAg,raftaar marwaake rahega
UgwEZaicqFUYmM6WsMB4AaABAg,
UgyK9VktS9lUWCfAN054AaABAg,anyone from 2025
UgxWt6LGcT1zi8n4zvZ4AaABAg,
UgwGv6PXvwqdrY756sB4AaABAg,
UgwQYGkxJ_0L2o5p8Xh4AaABAg,
Ugym5tE2kMxdffxvLwF4AaABAg,
UgySpAcZgi__HVTn7p54AaABAg,new hairstyle is not good
UgyTUYHIWpoIPnb66dh4AaABAg,respect for both
UgzI1rL0PP_SCBHhYnt4AaABAg,bantai ap god ho yarr
Ugzgui5fQ5Sb3Vsfq9V4AaABAg,
Ugz2BwYYpMaLcBmnDoV4AaABAg,pehle yeh song accha lagta tha ab pata chala isse bada chitiya song koi nahi.
UgxEXqvk40lWkQ0ZMbV4AaABAg,this rap war is still even after 6yrs
UgxEKziQ9wlInAmn3DF4AaABAg,"a href"""
UgzcgFNESPR99WKqW-B4AaABAg,bro you cooked but raaftar is much matured than you
UgzcgFNESPR99WKqW-B4AaABAg.AAn1tVG3z0oABEiaKSJWgP,no bro not matured raftar reply song sheikh chilli
UgzcgFNESPR99WKqW-B4AaABAg.AAn1tVG3z0oABXMIeLA226,tu to emiway se bi immature ha
UgzcgFNESPR99WKqW-B4AaABAg.AAn1tVG3z0oABaLIUMGJ3l,tu thoda sa bkl hai kya
Ugw0Nhu6s4hll5rdn4d4AaABAg,i was 12 when i used to hear this song
Ugyc2W6avtjYJsJJZQV4AaABAg,"a href"" tuh jab ........"
UgxcgwjjH9uKh6lip_h4AaABAg,kuch alag hi vibe aaya ye sun kar to
UgxrGjT2LAUtVBJTn094AaABAg,abhi de rha h ustime deta na paise
UgzxDFz1tkE2w_DoN3l4AaABAg,no compitition bantai ka
Ugy9UFD_0ykzcJilTol4AaABAg,
UgxBOpar8U9zecDA6614AaABAg,
UgxFQeLin4JPAs0EV3R4AaABAg,hello emiway bantai bro raftar se to panga leka bcha ja raha hai yoyo singh se mat lena bhai panga oh tera baap hai
UgzoEBBhTz95IAsqNrR4AaABAg,after 6 years
UgzDnMaMnprYILKiDV54AaABAg,bhi ma app ka gana nahi samaj paya sorry par isalam ka lurid ho subhan alhaa mara lan english ni ha
UgwdUJJQbs9D0k8Ppgt4AaABAg,"a href"" abhijeet bhichukle"
UgwdUJJQbs9D0k8Ppgt4AaABAg.AAc2-LjkfWYABkLru8fpFF,
UgwdUJJQbs9D0k8Ppgt4AaABAg.AAc2-LjkfWYAC6GPzSXYcd,
UgwdUJJQbs9D0k8Ppgt4AaABAg.AAc2-LjkfWYACMP6pYuwn_,
UgwdUJJQbs9D0k8Ppgt4AaABAg.AAc2-LjkfWYACRQ1mtgMGT,
UgwdUJJQbs9D0k8Ppgt4AaABAg.AAc2-LjkfWYAD-3BAuIQN0,same
UgyECr-K2ekkrcEpFUF4AaABAg,yes brother
UgxAM5qqpURIxdhGCTV4AaABAg,bhott.bhott.hard.vanta.sir
Ugx_1VMWyxe4FcId3z14AaABAg,no 1 reppar in india
Ugx_1VMWyxe4FcId3z14AaABAg.AAW09c8_b9rAAc04wBxHFi,raper
Ugx_1VMWyxe4FcId3z14AaABAg.AAW09c8_b9rAAjQtp8Q4Nn,rapper
Ugzp_Vnua9sXV6d1aGJ4AaABAg,raftaar fire hai
UgyS6oneBia0Bra_c1V4AaABAg,"no one can compete with me, i become emiway"
UgzBm_ooU3gyQ95BRhh4AaABAg,anyone from 2025 ?
UgzBm_ooU3gyQ95BRhh4AaABAg.AAV93eVc5wGAAVzmtsqHoC,2025 aaney tou dey xd
UgwwLN4cOeFMH7gTiPh4AaABAg,bhot hard
Ugy9qACO9CoSX3B9uC14AaABAg,ahh that time..
Ugy26GOwCfrdJ9MFTLp4AaABAg,tu to gully boy ne ha
UgwLZE000DHcNmWv7rp4AaABAg,it was really great competition... great raps introduced by... both rappers eniway and raftaar
UgwLllIRxWQs_a8cTRV4AaABAg,i am still november 2024
UgxMkeeaziCBV7tfVWV4AaABAg,u lost
Ugz4m_AlB_FPsvH54xF4AaABAg,ye song sabse alag hai....full on tabahi
Ugy-49rRmjB2oS4EXHl4AaABAg,counter kidar hai fact bhi nahi hai kuch bhi
Ugy-49rRmjB2oS4EXHl4AaABAg.AANRBR5HFyKAAShEVjcXsn,raakhi
Ugy-49rRmjB2oS4EXHl4AaABAg.AANRBR5HFyKAAc5S0Y8Ej_,
Ugy-49rRmjB2oS4EXHl4AaABAg.AANRBR5HFyKAB3V17vEg2r,wahi dek raha hu mai bhi. time se saath bachkane lag rahe gaane uske
UgxP2X5sbew8BsKDnCt4AaABAg,raftar ki mar li
UgxP2X5sbew8BsKDnCt4AaABAg.AAMY_tAJoznAANQlgZJJ7J,fact kha hai jhatu sitf insult
UgzTt0aMg9RBIzRk5kx4AaABAg,
UgydAMOvK3afFscxPVR4AaABAg,nice
UgwsRR-tqHdz9HvPcc14AaABAg,"the point is emiway is best in rhyming , but the words are best of raaftar"
UgxYOQhGHPgmQJv6yHd4AaABAg,raksha bandhan me raftar aana raki bandna merko samja
UgwOg4Mo9X1MUKWSDO54AaABAg,2024 attendance
UgzBqTyF64vV2lD5YRF4AaABAg,"it has been 6 years after giraftaarbrand since then, rakhi is trying to make a comeback but the fact is bthis is the deadendb for rakhi"
UgzlVM9xrHDa1J4jJEx4AaABAg,any one 2025
UgygK3rbxIozO8cRxPZ4AaABAg,all for raftaar love u
UgydgE94bIIIisg1JOl4AaABAg,emiwayok
UgxPqW3NUSwDyMljxkd4AaABAg,anyone in 2030
UgzjHFRK3m12Uclk17J4AaABAg,any one from 2055
UgzjHFRK3m12Uclk17J4AaABAg.AA8PLWQyAiOAA8lI89pfyl,2065
Ugz8xR8LSfh9MDEpLLp4AaABAg,"a href"" bol kuch...chote raftaar bhai ab bhi araha hai tu kaha hai.... raftaar bhai ne tera carrier bana diye bus isme kush rahe to achcha hai...baki tune legend honey bhai k saath kaam kiya hai to thodi izzat rakh....tere paas jo janta hai raftaar ki dish ki hai"
Ugz8xR8LSfh9MDEpLLp4AaABAg.AA6KxAZwQT9ABVJ8WZTd_j,bunty ko sar pe chadha ke kya mila dhh ko
Ugz8xR8LSfh9MDEpLLp4AaABAg.AA6KxAZwQT9ABVJFJPd80U,sirf beefs aur love story wale melodic gaane hi mile
UgwnA2f6SiSB-BTI8A54AaABAg,no one can beat raftaar his voice is different
Ugwk-IU5HUvVzwgn0ht4AaABAg,par yee sab bakchodi rap me kyu likh ke bata rahe hoo
UgxNCuPHs68_x3ML7kl4AaABAg,why people watching this and brpromoting it shit
UgxNCuPHs68_x3ML7kl4AaABAg.AA07jXa94kXAA0Hjo56AE4,jealousy
UgxNCuPHs68_x3ML7kl4AaABAg.AA07jXa94kXAAF2bl6OkVC,why are you here after 5 years just to comment
UgxNCuPHs68_x3ML7kl4AaABAg.AA07jXa94kXAAFMUYufMQS,cuz not everyone like you don39;t hate the song.
UgxNCuPHs68_x3ML7kl4AaABAg.AA07jXa94kXAAc0G9laIy4,emiway fans are unpadh
UgxNCuPHs68_x3ML7kl4AaABAg.AA07jXa94kXAAcDZYeaU6o,like you?
Ugx7esVymLBS2PrQByd4AaABAg,"hard hard hard hard bantai, rakhi aur pinky dono khatam"
UgyRo1emFWKntREO4qh4AaABAg,i39;m here 2024
Ugxx08OvuqnkD1ZLnm54AaABAg,"overviewbrlyricsbrlistenbrartistsbrsheikh chilli, haha!br , brraftaar raftaar , ra!brsheikh chilli br , ? br, , , br brvideo helicopter, , br , , ra!br ? studio ? br show ? br, , , , br hiphop , br , , br , , , br underground music br , hiphop br , , , br br flow brsadak , br , quot; br line, , br , br phone recharge br, , brayy, , , br brdivine naezy picture br picture br gully boy , brpicture br , , , brrap game , br , br br rapper br , , br , brsheikh chilli br , flowbrraftaar slowbr brobr , br , br , brrapping rapper br br , br , br br br , br , br , , br br brhard , br , brhiphop , br hiphop , br br br , , brhashtag sadak brsadak remix record br br fraud br brshoot brsign br phone br , sheikh chilli br , br , brhashtag sadak remix br shot , publicbr party br brraftaar, raftaar, brrappers , br sound br , , brpuncture, tyre, wirebr dilin nair fuck firebr fire, hard , brorganic , br hard, hard, br hard, hard, br hard , br br busy br shoot publicbr, publicbrhard , hard , hard br hard, hard,"
UgwivJW73t5D_w7uN094AaABAg,wo hastal mai araha hai chote...ab tu kaha hai
UgwivJW73t5D_w7uN094AaABAg.A9xCPCucHxfABVJOVbJjwl,youtube ko chod ke bunty ki respect kahi aur nahi hai
Ugy3aAniTq5i8fmDg954AaABAg,boos
Ugw0jA96LlXGlqQTeO54AaABAg,mere hi flow me mujhe smjjyega
UgwZAlZoRNi_w0StSzN4AaABAg,jab hum mature huye tab samjha the true winner was raftaar... dono tabahi machaye the beef main.. magar raftaar ka dukh kisine nahi dekha hoga..
UgyFNmWCjivDywGHRHt4AaABAg,anyone from 2050 i am came from future to listen this masterpiece
Ugy8sOrbm4nEuZL0HBB4AaABAg,raftar gu kha k manyga
Ugx_WRwPELLiW-P7Tl54AaABAg,emiway sabki fadta hai
Ugymx9gWIMfrdumm-uR4AaABAg,sala kya giraftar krega raftaar ko usko reality shows milta h usko bccha bccha jnta h teko kon jnta h be tik tok ka rapper
Ugymx9gWIMfrdumm-uR4AaABAg.A9rXjgO3q9lA9z2mWePwLE,"apko sayad gyan ki kami hai. brjitna raftar ko nahi janta usse jyada gali gali ka bacha bachha aaj emiway ko sunta hai, reality show ki baat krta hai ye toh bahut chhoti chiz hai bantai ke liye. brkyunki emiway apna jameer bech ke paisa nahi kamata, achha kam krke aur khud ke dam pe paisa kamata hai."
Ugymx9gWIMfrdumm-uR4AaABAg.A9rXjgO3q9lA9z2tPltwIn,"4r log ko sunke apna dimaag ka dhankan wahi ke wahi rkha hai be 14 saal ke ander, brthoda kamre se bahar nikal pura hip hop se jyada famous idhar divine aur bantai hai"
Ugw9LGkagiTchepXqZh4AaABAg,kaunkaun sun raha hai 2024 ma bkp on top
UgyZiRUvYlnBHB1xddx4AaABAg,2025
UgxLJ6wb6nU60dhOkgt4AaABAg,ek baar our hojaye emiway vs raftaar
UgwPEHmOyOgRiLSxPHt4AaABAg,you destroyed raftaar many light years ago..ram ram
UgwPEHmOyOgRiLSxPHt4AaABAg.A9o0rsUMa8WA9qM1-0axn9,
UgxVdmZ61K9kySyAVtR4AaABAg,chapri hota tha ma be phaly
UgxD-WJNO1Em8iT-hbZ4AaABAg,ala lala ela lalal waah kb tk same rhyme scheme chlegi aaj 5 saal hogya
UgxD-WJNO1Em8iT-hbZ4AaABAg.A9msxre2UrfAA0Hui7bQNc,5 saal purane gaane mein same he toh hoga 5 saal bad bhi
UgyYAWGglHKfh33rFQt4AaABAg,2025
UgzKV83UkD6_kyzFXcR4AaABAg,"broo u lost , no bars is comparable to raftaar and no vulgarity in raftaar track"
UgwPHlIco8kYUlWXRpx4AaABAg,bhai sach me pagal rapper ho gadar bro aaga laga di
UgxrUwd-Hs8H2klEOAl4AaABAg,anyone here in october 2024...
UgzEBEYd_JqWFZRlKiV4AaABAg,"a href"" aake pakd le mera"
Ugxc-_H9L6qIUlBb2El4AaABAg,bhai naha liya kar video banane se pehle
UgzFbOY13rtJB_THsRh4AaABAg,big fan sir jioooo buntay bhai
UgxbuL8GwpIxdHbcQ_l4AaABAg,baba brand
Ugx7EYbk5vHMjqMzb3l4AaABAg,jioooooooooo
UgzY41hOQGaSNVS7iG54AaABAg,kya israel headline me pada hua hai asli war yaha aaj v taja hai
UgzCHLPgaXxqF7BAgyd4AaABAg,anyone from 2025!
UgxYC3jOhMh_OUzoSwl4AaABAg,raftaar must be thinking himself an insect
UgwN0REIOywB1gbWh1p4AaABAg,any one from 2024
UgxgU60ePghBp5IdYJ54AaABAg,mateenbremiway
UgwUyf9uM52nWNy2O254AaABAg,india ka no 1 rap singar emiway bhantai
UgzDueQKupfCjxvEX-F4AaABAg,this song never get old after 5 year also..
UgwIF0tj0aOd5UfXJdR4AaABAg,boht hard
UgzWLo20NtSfn7RzJlh4AaABAg,sacha kiner hai tu
UgzWLo20NtSfn7RzJlh4AaABAg.A9bGMw_BUjUABVJbnyM-jA,
UgzrzY4a5Rs-lZx9idt4AaABAg,2025??
UgyalnsDCWdZzn-VqF14AaABAg,anyone from 2025?
UgwYWcPo1O75uK0wBn94AaABAg,yo yo army attended
UgzkvYlaZ1itE0v6Lsh4AaABAg,
UgyTErzX4A4XywvNcL94AaABAg,yo yo honey singh
UgxRDA_gTl_swWUTGKJ4AaABAg,jeo
Ugy261oWnqahMpBhgkV4AaABAg,ziko nahi mili woh karo find . bro cold .
Ugx7tr8wNP0bXv_vnZx4AaABAg,anyone in 2025
UgzV4fcsC6j9tevJ6qR4AaABAg,2024 me kon aaya dekhne ko like kare
UgxRaBKnB2e59XlJ-wR4AaABAg,anyone in 2024 ?
UgxRaBKnB2e59XlJ-wR4AaABAg.A9UXwBvaBM6A9wg7fJWuRO,yup
UgyQKBNLm36wjCypmJB4AaABAg,2024 october me kon kon dekh raha hain ? 6 years anniversary of griftaar
UgxAYpkZIQj7ysuuHw54AaABAg,kon kon ese 2025 me sun raha hai
UgwcalqpMoPtt83uEyx4AaABAg,i39;m back here for especially for that line raftaar mar waake manega
UgxXYNhWVw9YtvKYa094AaABAg,hip hop king
Ugz3as9NycYnzanhcy54AaABAg,youtube recommended this shit in 2024. now i have to get my ears cleaned. itna bakwas rap kaun karta h bhai
Ugz3as9NycYnzanhcy54AaABAg.A9RTdmYM26bABVJheKLMx7,krna ka sunlo health achi ho jayegi
UgwB2hxxbWk6lA_-xw14AaABAg,koi matlab nhi song k
UgxnEBQ8JmyJ1waQRDV4AaABAg,muhfaad collab again kab aayega
UgwItf7BBW7by2bkifd4AaABAg,bhai maharaj ke toh bars hi khatarnak hai or rap toh har gane me ek dam fadu hai hi bhai ka
UgyW2EN1F87t4qGI-Y14AaABAg,is there anyone from october 2024
Ugx7SDRGaKhMJrGtaA94AaABAg,anyone in october 2024
Ugy219Jyw5u4_TrFskh4AaABAg,"yo yo honey paji also love this song if watch this one a href"""
UgzF--vuwCC7Q6BDVBl4AaABAg,anyone in 2025?
Ugwz0o7IR4s5-ObGpR94AaABAg,"noob mc stan,,"
Ugy3P37NB2ViPDlYtAh4AaABAg,kon kon soon raha hai aaj bhi dhh
UgzKdB1o1WjXl51TQBh4AaABAg,full tabar tod
Ugy0psO-eep8Z9SGNz14AaABAg,
Ugwqy5oqYVnV7nAUHjd4AaABAg,6 saal pehle 10 se 15 saal ke bacho ko hip hop ki samjh nhi thi bas beat salang ki wajh se sale eniway ko winner bolre the aaj unhe shrm ayegi sekh chilli or anyme hantai ke bars sunke ki un chutiyo ne bunty ko saport kiya
UgyAwObfmmQeQT3CAs14AaABAg,back for some 2018 nostalgia
UgyNLtsuin-hjey1ZHh4AaABAg,lopez mark gonzalez james clark deborah
UgzlpHNU-zBAxpeqVat4AaABAg,100 percent rea vange
UgyEWrrtGRew504XCwN4AaABAg,
UgwN2llN15f6CmMzbRZ4AaABAg,2025
UgypGS4OrwrcVVz0cAh4AaABAg,so sweet song
UgwGL7iFfLx3DM7yvGB4AaABAg,raftaar ko disa krke kya kha pa liya re emiway ne !!!!!kon kon manta hai full creadit only raftaar ko usko diss krke millions ke views only raftaar ki wajah se ek diss raftaar ko krke kamaya fir kiya fir kamaya fir kiya fir kamaya raftaar ne langar de diya re .. raftaar my fevered tha hai rhega ....usne emiway ki jindgi badal gyi .kisi or ke diss krke kabhi bhi itni hype nhi milti ye toh emiway bhi khud janta hai jab buddha ho jayga tab bhi manega raftaar ne seen change kr diya i love raftaar iski raftaar bada di
UgyGTwvrQPXpbCe6Z7p4AaABAg,omg
Ugy-obJwyXuhkxwsBHZ4AaABAg,bkp haq see
Ugz7kVkxbYUCAgH3Sxt4AaABAg,
UgwT8klcVZOy4NWch3F4AaABAg,yee valla emiway chiye yrr aabbhi k lieee..kuki kuj chutiya okkat bhull rhyy hh
UgyBD1s5GZL98RzqOX54AaABAg,jab tik tok our instgram kuch bhi nhi tha jabse me raftaar ko janta hun bhai
Ugw7nb1ZC4tbQbRGBMF4AaABAg,fire
UgyDbyLZnkPt8w27GLd4AaABAg,"a href"""
UgxOuLdBoMGeym69szx4AaABAg,
UgwFsCWRRL14-CDsVWp4AaABAg,
UgyKWAb3t0CEvwtLLV14AaABAg,bht hard bhai bantai bhai.. raftaar bacha hai ignore kro usy
UgwxUKNgaO8W5urGIph4AaABAg,diss king
Ugz9xA78zoun80r7dlJ4AaABAg,"a href"" phele tha kya idhar tu"
UgxVQLc9mDshV38wvrJ4AaABAg,
UgxD1tXHz1Tc8Dr429d4AaABAg,yes
UgzjZ6nOKnbpCKcuF9F4AaABAg,yo yo honey singhaaa..
UgwjxiTTgl3ZwfCaimt4AaABAg,anyone from 2025?
UgxXsuDh7mpRkcNWZ-R4AaABAg,are rakhi ak or baar bantai ko umli karke dekh tera g maregaa
Ugz67wsGMISdk6uTfbV4AaABAg,the m249 fully reload
UgxLo7FOD5KVayT4LBR4AaABAg,emiway best ha yaar
Ugxn_Myx1r9YfvwuTb14AaABAg,2025
UgymSnHfMaoPIZxjzit4AaABAg,emyway is real 101brfrom japan
Ugw5IexajJMt9sU3teB4AaABAg,2024
UgzvwWb67ciH6t0MlIZ4AaABAg,kuch bhi bolo carrier bna to diss se hi hea no hate
UgzvwWb67ciH6t0MlIZ4AaABAg.A8sqVa6ZVGWA8u6HgTyhVZ,banaya bhi raftaar n h
UgwbtjWkl24aGxHYRN54AaABAg,emiway sidha naam leta
UgzybzM1Eq0Izyo-UjR4AaABAg,yoyo x emiway
Ugxm1AP_FU4ro7fTpJd4AaABAg,came here again just because of the line quot;raftar marwa ke manegaquot; as raftar diss yo yo paji without any reason
UgyWZW10VaIzcstzOD94AaABAg,"abhi sun raha hu a href"""
UgzQulrTHK1ur0QT0op4AaABAg,yo yo to kabhi jawab deta nahi diss ka.brthanx bantai for giraftar
UgzmN9Xm1lG33tjqabV4AaABAg,yo yo rap
UgzKGXxqL6yxEPE-sFJ4AaABAg,i love bantai
Ugw8ZGneWL1d9lvjHeN4AaABAg,any one from 2029
Ugw8ZGneWL1d9lvjHeN4AaABAg.A8nVeAu_7tPA8o2MHtk3Nn,han mai hun tera baap 2029 se ab to buda hogaya hun aur ye bata mummy kaisi hai
Ugx5rydAv7Pj75Dm4xB4AaABAg,koi bhi rapper thik nhi paayega
UgxyVj1QGXYtcRixERt4AaABAg,ggs
UgxVkcDcnPDrtEsDMRV4AaABAg,op
Ugy-ZdGPFXNmDT82lyx4AaABAg,best diss
UgxxYRZGiUI1mgVlOCh4AaABAg,giraftaar always giraftaar chahe kuch bhi ho
UgzR4oPocqw_btEwCvl4AaABAg,ba ntai ne 3 din mein itna tagda rap bana diya
UgwarlNxVV9moTAhgoB4AaABAg,raftaar
UgykgHQjs0uocfW_uPd4AaABAg,"who won the battle , no need to tell dono views check karlo sheikh chilli"
UgykgHQjs0uocfW_uPd4AaABAg.A8kr4VqTjknA8xwm81IWKa,haa tu bhi dekh le shmj mai aaya aur khtm ka
UgykgHQjs0uocfW_uPd4AaABAg.A8kr4VqTjknABVK0Zb3ORi,ne battle aage nahi badhya tha kyunki usko sab log samjha rahe the logon music sense bahut kharab hai hip hop kr mamle main sirf chillane wale gane ko hi khatarnak samjhte hai. quot; chiller pillerquot; wahi sab hai khatam main to
UgxoI0xyQ8mCrLXzJZ94AaABAg,"once a legend said quot;jab jarurat hoti tab sirf shot dete , baaki time me apun apni public ko achhi thought detequot; and he is proving it always"
UgwnW-1iiCi-ftO7OSp4AaABAg,giraftaar still gives chills fr
Ugz0MvwrPkfsGjgAiEZ4AaABAg,
UgxNNzUzKABgRljMbHl4AaABAg,sir aapka jo reaction hai na mind blowing ooooo nice
Ugyy-n1U9nrftAxfWF94AaABAg,27 lakh like mazak hai kya
UgxWe3VuLQMmt9R4ISJ4AaABAg,yepp.. since 2019
UgzOJ0mLZRyuMiJUFQd4AaABAg,tomarddhaamivdanta
UgwQZttpj2oQmiL8mgh4AaABAg,"a href"" school gya kabhi"
UgwQZttpj2oQmiL8mgh4AaABAg.A8ajZ2_3FtFA8nsBTpch80,he is 12th dropout . aworm
UgwQZttpj2oQmiL8mgh4AaABAg.A8ajZ2_3FtFA8srFdnJ3QU,12 vi fail aaj pohche bill boards pe
Ugyk-z3K4qgg2ulAeXt4AaABAg,"aap dono judwaaz bhai log k liye ek suggestion hai as a viewer plzz aap log react videos mat banaiye q k ek wajah hai meri suggestion mein aap log react kam karte hai aur judgementle zyaada hojaate hai toh aap judgemntle. videos banaiye ye suit nhi karta aap log k upar bura laga toh sorry lkn yehi sach hai meri view of pont se baaqi sab haq se!kya bolti public?a href"""
UgxHQyEHGPr0Vd_psj94AaABAg,
UgwJZzZ72JhW5sfVm4d4AaABAg,bhaag saala
UgzQ9E-Vimpq-OIicTx4AaABAg,5 saal ho gaye bhai diss king emiway ever
UgxI4X21S8gWQtlZg2l4AaABAg,bhai gayab aise ho jata neazy or divine dono jaise gadhe ke sir se singh
UgyzjczQMdD8-8Q2yjl4AaABAg,best controversy in rap industry
UgwnaHGYNnhKwTUJBpB4AaABAg,divine is fire
Ugz54IeuhQGabW_AfqR4AaABAg,still thinking hes chutya
UgwxT0rhmHjxCIQFhpl4AaABAg,maza aaya tha. ..inke ladai m ...intjaar krte the.raat raat ko bhat ke .....kab kis ma dics aa raha h.
UgxnAya3QnklKidIAXJ4AaABAg,bantai is my favorite
UgwNCYgpcoOFzrrvifp4AaABAg,vide to hai vai
UgzxcT18L41TJiXsP694AaABAg,raftar vs emiway audience enjoyment d
Ugz34kdTrQqpJxbl-cR4AaABAg,"a href"" best"
UgwIR5-R4squt8dBgYZ4AaABAg,rock
Ugy_Ah99XoGuqMARHTJ4AaABAg,hip hop ko tune smbhala ?
Ugy_Ah99XoGuqMARHTJ4AaABAg.A8VCcDOHTq-A8m2dJPTxLa,hamne sambahala boley toh ham not aklea chomu anpadh hey kya ?
Ugy_Ah99XoGuqMARHTJ4AaABAg.A8VCcDOHTq-A8rCoK3PU5w,kuchh bhi
UgzRhhaedwPYJydXrNp4AaABAg,chi yr
Ugx5d1yR8L0nsUaUhhx4AaABAg,
Ugyhk0RoU5lkqyJYT9J4AaABAg,hip hop me teko slam hi nabi he khuda hafiz he
UgwYNwKO0VDkMqxrtQJ4AaABAg,
Ugw_H608gbkEGr9Dda94AaABAg,"a href"" probably the best part"
UgzdG464WcKpqvSq-TV4AaABAg,bhai fire
UgzAY13BFwI-4Q-l7PR4AaABAg,anyone here from oct 2024
Ugy_mr36CWXe8EB5m_B4AaABAg,anyone here in 2024
UgzI31e7kdPGWjK67UF4AaABAg,bhuttar saab
UgwzkHgT5_nvM3z7bz94AaABAg,fact this masterpiece comes in your mind accidentally
UgxmKEwa6MD0kbCQLpZ4AaABAg,"a href"" a href"" a href"" a href"" a href"" a href"" a href"" a href"" a href"" a href"" a href"" a href"" a href"""
UgyiKL1pju0e8OIDUPZ4AaABAg,rvcj ki post ki baad kon aya
UgwoZdbxXSQGyUMzgep4AaABAg,ha ha ha
Ugwc6YuTC0HB5fB3-ql4AaABAg,anyone from 6969?
UgzJluHqOsYD7uOXF2V4AaABAg,good answer bantai bhai
UgzPbRM80jEwzZ78SyZ4AaABAg,is jhantu ko block kro youtube se
UgzBNBxWGTSKEPSKTFF4AaABAg,kon kon 2024 men dekh raha hai
Ugz2wLiToHA-Ua8w_7Z4AaABAg,nice
UgwjSR2St91dlpMMhS94AaABAg,chappri sale
UgwDN1NdJKG0r8SQ3YB4AaABAg,"a href"" neazy got his head shot was"
UgzlSBoUP9Cc7j4Azsh4AaABAg,gane ko huve 5 saal fir bhi kano me bajra ajj
Ugz1JM_XEaqb6IkgaF94AaABAg,130 m kr do bhai
Ugz6Im4QQM6Q92pwwFN4AaABAg,any one from 2030
UgyG2EcN3dlN7IrY1Jx4AaABAg,naezy butt tu ab yi nii boly ga kun talha anjum talha anjum ny bta dia tjy
UgxwT6MDtPKnHVmuUxJ4AaABAg,ek no emiway
UgxuYo50y4ZfqZW5WER4AaABAg,raftar gayab hi hogya he jese emiway ne bola tha fir gayab hojate bechare inhe artist na kho imhe kho vijay maliyabremiway besy
UgxuYo50y4ZfqZW5WER4AaABAg.A8Fx0i8NqiMA8rCzK7Wscg,no
Ugyffgwbca0UX8MkEZp4AaABAg,op boss op kya rab hai boss
UgyIhhyUCvur-lZJ4RN4AaABAg,31 oct 18
Ugy2bRTon7-HOL5exa14AaABAg,2024 wale like karen
UgwTNuIB2WLr28maXAJ4AaABAg,anyone from 2025
UgzhHRcvdPMIWsCDo0x4AaABAg,does screaming make songs?
UgzhHRcvdPMIWsCDo0x4AaABAg.A8D8X3CUe_kA8F6lOcnV06,yes
UgzhHRcvdPMIWsCDo0x4AaABAg.A8D8X3CUe_kA8rD-kPpS7t,.abrar868no
UgyZ1HjKaIROTGpAoqB4AaABAg,is lodu ka pura career diss pe hai
UgzmptjrwBR82vITC_54AaABAg,"whatever anyone says, emiway39;s diss game is in a league of its ownhis aggression, rebuttals, allegations, counters, and sheer energy are wild. even the haters are up all night waiting to see what bomb he39;ll drop.."
UgxbiFokDTHo-J_I-KF4AaABAg,big fan boss
UgxpcJgsnddXHzHoLQV4AaABAg,colab with naezy bhai
Ugwixo81DY_DYrCrPd94AaABAg,awein hai
Ugw3p6cp4rAfkj9FXb54AaABAg,pehle ye raftaar ke peeche ghusa phir krsna iske peeche ghus gaya
UgxamgA6Z2scfIjG90J4AaABAg,rafter kone me ro rha he ga
UgxamgA6Z2scfIjG90J4AaABAg.A89evNQWes6A8rD6kY8bv5,ha ki emiway ke liye bura lg rha hoga ki kb rap sikhega emiway
UgwKvvTH6ayTDEQPq5N4AaABAg,song aur video match nahi hou he but song aacha hai
UgyPVn9c6C4lgy9HXI14AaABAg,lethal. anyone 20024
UgwJQ980T-SpVplffjd4AaABAg,chillane se bante hai gaane kya? doubt tha mera
UgxfLubmlXeyd-rPowZ4AaABAg,king shayad ye beef battle dekhna bhul gaya tha warna gand mein itna dum ni rehta tha emiway ke jaise pagal rapper se battle karne se pehle khud singing and rap chod deta tha
UgyMfKDxAjs0ZbadSBB4AaABAg,anyone from mars
Ugwt8Rj-9nUywWL0-kJ4AaABAg,emiway only gives his best in distracks
UgxG9wh0x5JALl4S8ul4AaABAg,
Ugz3zChEDbjLeTLUYq14AaABAg,"a href"""
Ugx_1LnOj9Zuweoo8VV4AaABAg,emiway hentai and mc stan legit chapri
Ugx_1LnOj9Zuweoo8VV4AaABAg.A85dqHsbJI_A8rDDUQOStO,haq se
UgzqqEOjsRVe-WbCFdR4AaABAg,ab toh raftaar ko thanx bolde is fame k liye
UgzqqEOjsRVe-WbCFdR4AaABAg.A85_57Y4AJ3ABeV-CQ8Au_,krsna ko bhi bolde bhai emiway ko thanks bolne
UgzqqEOjsRVe-WbCFdR4AaABAg.A85_57Y4AJ3ABeVbbfAqoj,
UgxLwz0-MVG_D5j___V4AaABAg,anyone september 2024?
UgyeW6fh4x2cznrDvnt4AaABAg,aj v emiway chal raha hai
UgybspRJ9E0FliEKnAN4AaABAg,nonsense
Ugzn9YmyLWPYbFyoETR4AaABAg,kn kn september me sunne aya h
UgwVwJ6EUQkssf4aSSd4AaABAg,anyone come after dino said giraftaar is lethal?
UgwpyMWKHgypu74L8mZ4AaABAg,chillanee se bante hain gaane kya??
UgxT5Q1eHYp8Okf56Vh4AaABAg,tu chillata h bhai bap ko mt bhul raftar raftar h bro
UgxT5Q1eHYp8Okf56Vh4AaABAg.A84FY9Eq4KhA851CN4RbGb,beta ye video ke views kyu badane me help kar raha hai? 100 million paar
UgxT5Q1eHYp8Okf56Vh4AaABAg.A84FY9Eq4KhA8rDGQSNf3m,q8v so
Ugz_qtSGbyDx_0R6GWd4AaABAg,jo be 2024 se dekh raha hai like karo
UgzfSoPMLVNgNHtj-xJ4AaABAg,who after king vs emiway diss?
UgwjaIaLFpxhWD0TdQ14AaABAg,anyone 2030??
Ugxx5KNFzaQbG-jxB6B4AaABAg,haar gya
UgwOH49FTexbHyAaIl14AaABAg,2018 golden days
UgyKN2qSE7GJQWzNu-h4AaABAg,i love you bkp
Ugy88CXENWm-GFrEcE94AaABAg,chapdi brand ambassador
UgxAs2nr922qKPT6RjV4AaABAg,4othi me krta tha pr 23 saal ki umar me bhi uske jaisa nhi ho pa raha
Ugw8XO4Pls0IRIuHDYR4AaABAg,marwa toh li
Ugx2ft_lE_jL5-plgbN4AaABAg,"a href"" that laugh"
UgwCSTPBUGNIqEX18al4AaABAg,2024 still
Ugy8knkaMi8JV_Nuz7F4AaABAg,anyone from 2025?
Ugx2V4MNctqNEI2-Oot4AaABAg,anyone in 2025 ????
UgyTLmuuzI5dL6xXNwd4AaABAg,anyone from 2025
UgxcLFocyzty1lx19_h4AaABAg,anyone from sept 24
UgyudPlU_0hIJuArjqh4AaABAg,bhagalpur se kon kon sun chuka h ye song
UgxkeDCcjQ5rAO3YqEZ4AaABAg,gunda raper
UgxwHdJ_lsxRZFpZH194AaABAg,suggestion to rappers who try to diss emiway you are mere beginner mate he is god of diss .
UgxYI6JJT3lpfzbpTo94AaABAg,
Ugwi-IslP5yeqteIcVV4AaABAg,this emiway was something different.
Ugwi-IslP5yeqteIcVV4AaABAg.A7yYbajziYhA8rDNDNVXa6,yess chhapri is different from others
UgxgdurWAJBbJPb68fl4AaABAg,
UgzzqHFliY2QCEENm8J4AaABAg,kon kon september me dekh rha hai
UgzzqHFliY2QCEENm8J4AaABAg.A7yNojeEUK3A7ydIXw7VUd,5 saal se yahi hu chote
UgzEz_F70GIwGFUMcfp4AaABAg,abhi bhi fire hai..
UgxDryORV9SipaD36-R4AaABAg,"yaha tera kaam hi nahi hai, underground music me tera naam hi nahi haj"
UgzK-9DmJdSX1VJma8x4AaABAg,wow ye rap mere birthday par upload hua tha
UgwX6TFg_BWJ-1k8Hl94AaABAg,chapri rapper
UgxXKrziOsjoDFSXq914AaABAg,
UgyDS5p7e-MbymYXU4F4AaABAg,
UgzxydugIXVVUk2Jrd94AaABAg,2024
Ugxwga2fo4-FobqptDx4AaABAg,"september 2024 and i can see 0 hip hop elements brthak thak karega bak bakk karegabrsadega ladegabrbas ka nai, maska bai, thasta naibrsorry raftaar bhai to make this clown a winner"
Ugxwga2fo4-FobqptDx4AaABAg.A7v3H9Vn-s_A7vyRXfJi5S,didi teri band meri tujhe mera sala foolo wali mala . niwala .khandala .if that was rap according to you clown go cry on raftaar39;s vedio thode views usko bhi milljaye .
UgyFGyNq_10429jGckt4AaABAg,"2024 , are u guys there ???"
UgwPEI3YQCUqgcbP_vl4AaABAg,mazak nhi ye
UgzM9ho7KRPvZHOgrY54AaABAg,super sang
Ugz_YTlRoGhV0QSDhzV4AaABAg,2024
UgyEu4A1xEAHBo4HmS14AaABAg,3 sep 2024 still no. 1
UgzJYx4oUY-7af6ebux4AaABAg,anyone 2026?
UgyyhFRME5ENdYmoIPN4AaABAg,anyone in 2024 junebr
UgxvKOfn6-ISz6hr5ll4AaABAg,
UgxkAg1_b-G42Y52LP14AaABAg,yes
Ugx_y-7zioEwHKoNjcN4AaABAg,", shoot ."
Ugw5jaJ_uw7De0AbGp54AaABAg,2024
Ugzj5KQ1daqtleNcHC14AaABAg,this song makes me remember of corona days with frns vibing with weed
UgxLoUW9FOX3bkyb5NJ4AaABAg,chapri
UgwudpmJ_Spte3rBzdZ4AaABAg,most lethal diss track in indian beef scene
UgwQMjp9X3Qp0UrJwxR4AaABAg,new vibes all time
UgzsZ9AGiSmFepzkXHF4AaABAg,
UgxZ1GWPZWxeqXKP4Xx4AaABAg,main isko 2018 main sunta thaa
UgyxTPGJHs2PoPzIzQB4AaABAg,emiway gt;gt;gt; dhh
UgyxTPGJHs2PoPzIzQB4AaABAg.A7oeJWTRsigA7qzlD-kL73,dhh
UgwQy_4UNPrxQXge9254AaABAg,divine or neazy ko tub be shoutout diya ta bantai
UgwyfG0zmEwOLCo-aaF4AaABAg,i came from futurebremiwaylt; raftaarbremiwaylt; mc stanbremiwaylt;vivian divinebremiwaylt; muhfaadbremiwaylt;ikkabremiwaylt;krnabremiwaylt;baadshahbremiwaylt;king
UgwyfG0zmEwOLCo-aaF4AaABAg.A7oN9q9hBAKA7qIDJiEakX,mc stan amp; king ??? are you for real bro ?
UgwyfG0zmEwOLCo-aaF4AaABAg.A7oN9q9hBAKA7uuwcuhoJQ,he is saying opposite
UgwyfG0zmEwOLCo-aaF4AaABAg.A7oN9q9hBAKA8sdRahjwaG,as a neutral fan bremigt;gt;kingbremigt;gt;stanbremigt;gt;badshah.mp3
UgxNVqLr00tHjcthtb54AaABAg,fire
UgzmxHjkIIw1SzZZWzZ4AaABAg,anyone from 2024?
UgzmxHjkIIw1SzZZWzZ4AaABAg.A7nLsSA402-A8ARs4sJ6up,"tumko me janta hu tum ripbrmatlab rest in power matlab brmokea nahi mora nahi sab jhut hai......,"
UgzmxHjkIIw1SzZZWzZ4AaABAg.A7nLsSA402-A8AS8XPcyQz,muli coconutwater india choodh justice
UgzmxHjkIIw1SzZZWzZ4AaABAg.A7nLsSA402-A8B6d4KiUew,wo tou sahi lekin ap yahan kese
UgzmxHjkIIw1SzZZWzZ4AaABAg.A7nLsSA402-A8H1nnOocmx,meeh
UgzmxHjkIIw1SzZZWzZ4AaABAg.A7nLsSA402-A8KieUV8Qla,
UgzmxHjkIIw1SzZZWzZ4AaABAg.A7nLsSA402-A8TFhdd74nS,yes
UgzmxHjkIIw1SzZZWzZ4AaABAg.A7nLsSA402-A8TFko9ZPXp,mummy kase hey
UgzmxHjkIIw1SzZZWzZ4AaABAg.A7nLsSA402-A8U40AIDN2M,tu push ke aa apni maako bta degi
UgzmxHjkIIw1SzZZWzZ4AaABAg.A7nLsSA402-A8VXhSCzxgz,bantai
UgzmxHjkIIw1SzZZWzZ4AaABAg.A7nLsSA402-A8bR7iF5m5T,yas
UgzmxHjkIIw1SzZZWzZ4AaABAg.A7nLsSA402-A8bTi0Krxwd,september
UgzmxHjkIIw1SzZZWzZ4AaABAg.A7nLsSA402-A8gXXiSCseX,2090 me sunn rha hu time travel karke
UgzmxHjkIIw1SzZZWzZ4AaABAg.A7nLsSA402-A8l7qZb8j3z,
UgzmxHjkIIw1SzZZWzZ4AaABAg.A7nLsSA402-A8rLbo6bFMT,yes
UgzmxHjkIIw1SzZZWzZ4AaABAg.A7nLsSA402-A8tF-RNRgDK,i am here.
UgzmxHjkIIw1SzZZWzZ4AaABAg.A7nLsSA402-A9ADlJdHPhu,
UgzmxHjkIIw1SzZZWzZ4AaABAg.A7nLsSA402-A9LY2BnFMZ5,yes
UgzmxHjkIIw1SzZZWzZ4AaABAg.A7nLsSA402-A9Pw51QgYxo,me
UgzmxHjkIIw1SzZZWzZ4AaABAg.A7nLsSA402-A9UEQSlKVEM,im
UgzmxHjkIIw1SzZZWzZ4AaABAg.A7nLsSA402-AADuzJRbw3c,oct 2024
UgzmxHjkIIw1SzZZWzZ4AaABAg.A7nLsSA402-AAEHmWM4xBz,i39;m here bro
UgzmxHjkIIw1SzZZWzZ4AaABAg.A7nLsSA402-AAY7sgn9Z7K,6 11 24
UgzmxHjkIIw1SzZZWzZ4AaABAg.A7nLsSA402-AAYCik1A0Be,7112024
UgzmxHjkIIw1SzZZWzZ4AaABAg.A7nLsSA402-AB43VR1pqhh,yes
UgzmxHjkIIw1SzZZWzZ4AaABAg.A7nLsSA402-ABAU95ty2Wi,
UgzmxHjkIIw1SzZZWzZ4AaABAg.A7nLsSA402-ABLdp-bXykY,me
UgzmxHjkIIw1SzZZWzZ4AaABAg.A7nLsSA402-ABZ-UkjkyIW,yap
UgzmxHjkIIw1SzZZWzZ4AaABAg.A7nLsSA402-ABiVAJfIRFN,"yes after rodies audition a href"""
UgzmxHjkIIw1SzZZWzZ4AaABAg.A7nLsSA402-ABkJtPVBy_i,yes
UgzmxHjkIIw1SzZZWzZ4AaABAg.A7nLsSA402-AC3mZ7z70fZ,o shut up oye
UgzmxHjkIIw1SzZZWzZ4AaABAg.A7nLsSA402-AC8nLaXMas5,me
UgzmxHjkIIw1SzZZWzZ4AaABAg.A7nLsSA402-ACLsB0ZCPTP,yeah boy
UgzmxHjkIIw1SzZZWzZ4AaABAg.A7nLsSA402-ACSjqvVoBB4,25 desember
UgzmxHjkIIw1SzZZWzZ4AaABAg.A7nLsSA402-AC_uMAIH1LU,me bro
UgzmxHjkIIw1SzZZWzZ4AaABAg.A7nLsSA402-ACaSzFbHFG3,
UgzmxHjkIIw1SzZZWzZ4AaABAg.A7nLsSA402-ACieW0M4Tfe,just look at ur followers bantai
UgzmxHjkIIw1SzZZWzZ4AaABAg.A7nLsSA402-AClE6pysBN7,thxx brother
UgzmxHjkIIw1SzZZWzZ4AaABAg.A7nLsSA402-ACnp-gt01sJ,2025
UgzmxHjkIIw1SzZZWzZ4AaABAg.A7nLsSA402-ACtMzJn19ke,lura
UgzmxHjkIIw1SzZZWzZ4AaABAg.A7nLsSA402-AD2CX0KPymp,2025
UgzmxHjkIIw1SzZZWzZ4AaABAg.A7nLsSA402-AD2Qic0mPiY,i am from 2025
UgzmxHjkIIw1SzZZWzZ4AaABAg.A7nLsSA402-ADCKpRN5Tch,bhai 2025
UgzmxHjkIIw1SzZZWzZ4AaABAg.A7nLsSA402-ADGzJrFDK7r,
UgzmxHjkIIw1SzZZWzZ4AaABAg.A7nLsSA402-ADJoMLW8d19,2025
UgzrThO5CIzelQnQ1Xh4AaABAg,
UgxIid5jXTP2KsavDPV4AaABAg,"but bantai ne look copy kiya tha wo time ,,,,look inspired by bichukle"
UgwTSbQd8o796XyCpyR4AaABAg,maa kasam kia energy thaa iss walaa emiwaybkaa headsofff
UgzXG3Z_u2BoAPIJHYN4AaABAg,biggest dhh beef till now vs king beef 2024
UgwV736ZPYCTUYxPnTl4AaABAg,2024 ?? who
UgymMnCelPewT8Ts_uB4AaABAg,"drake vs kendrick is overrated, this was a diss war."
UgweOvpGfRhU51hhobR4AaABAg,iskooo kiyaa pehlaa tha raaaaa nee
UgweOvpGfRhU51hhobR4AaABAg.A7m-wzDrkWSA7mEkClCUoW,bunty views ka bol raha hai ki raftar ka diss flop hua iski aukat hai bhai raftaar youtube ke bahar hai yah bunty youtube se bahar nahin nikala abhi tak
Ugx9L1pI6V0E7QPhxzR4AaABAg,
UgzUJu3C7NFNTlowTWd4AaABAg,
UgwUhNv4eBpok3Zd99J4AaABAg,2024
UgzADe6CuvHX6XEdf3p4AaABAg,out of nowhere feed m aagya
UgyUo-KEYzYav0lH-tl4AaABAg,moj krdi beta yhi mall fuk kai bnaya kr beta
Ugw_nNXhRr-nAFpI25t4AaABAg,
Ugzqrobe1NqW8HlE6fp4AaABAg,bantai dusre ko bhi kulfa krbao jra
UgzY8WWucULoylQfPtF4AaABAg,kon kon august 2024 me dekh rha hai
UgwrAvnxmqFF8LFC_aN4AaABAg,emiway bhai 10000 independent haq se bkp
UgyfHg4Kzr9vXL7741x4AaABAg,abhi v kon kon sun raha hai ..
UgxyWDemoPbKLGsGNoh4AaABAg,who is watching in 2055
UgxIsxyG2lQP5xIdmv14AaABAg,who came after emiway king 2024
UgxIsxyG2lQP5xIdmv14AaABAg.A7kFBTpAyAzA7kpZ8Col4w,kaale kauve
UgxIsxyG2lQP5xIdmv14AaABAg.A7kFBTpAyAzA7kpb6Dd3tE,dependent kauve
UgxRb1P654T8yJOve0V4AaABAg,anyone in september 2024
UgyfqBmcLj75JXwewTZ4AaABAg,this is still best diss track of dhh.
UgySOEACN2WxN7_oDA14AaABAg,king x emiway ko sun ke aaya he
Ugyr02uC9Impl7ZbLex4AaABAg,kya baat hai bhai kaha chalare ho gadi aapki bhut hard emiway bantai isilye bolte hai malum hai na nagpur aao kabhi
UgzkJvQPk3ab6s_Vm394AaABAg,2024
UgxSyXMlKrV06NDBMcV4AaABAg,
UgxjpDG1QFtoNqwvRAx4AaABAg,1
UgzqxxV99r1C7PZZ3pJ4AaABAg,2k24..ling
UgytE7-6jvTbHxLqgC54AaABAg,5 years but song is on fire
UgytE7-6jvTbHxLqgC54AaABAg.A7iVx6jk4ZeA7oWnKhINca,yeah
UgytE7-6jvTbHxLqgC54AaABAg.A7iVx6jk4ZeA80F8UB3Qhe,yep
UgytE7-6jvTbHxLqgC54AaABAg.A7iVx6jk4ZeA8MAWMU46uy,
UgytE7-6jvTbHxLqgC54AaABAg.A7iVx6jk4ZeABOe_Ff4RhB,yes bro
Ugzzppk78yZzUDB3tEN4AaABAg,emiway or king k beef k baad kon kon sunne aaya hai
Ugw7sjDfKsNSZbmLdqF4AaABAg,naezy or uspe wo picture bani he par teri picture maichh banaunga
UgywzytpJnMPQ-XCXvZ4AaABAg,king x emiway diss chl raha lekin maja idr araha hai
UgxeEXmlqi2HdqrYqX94AaABAg,king emiway
UgztecJzIhGvQFCvcuB4AaABAg,chillane se bante gaane kya
UgztecJzIhGvQFCvcuB4AaABAg.A7hfcWCo90oA7l1EVpq24D,chila ke gane ka har kis ka bas ka nahi
UgztecJzIhGvQFCvcuB4AaABAg.A7hfcWCo90oA7mEuMwIYzr,r3p kyunki har kisi ko gala nahin faadna
UgwC6MQVW0K64-j-edt4AaABAg,2024 main king x emiway ke beef hogi
UgyrrcOMBwasfuq3WeF4AaABAg,"a href"""
UgyP27EIwe-3E-m67IZ4AaABAg,anyone here 2024?
Ugx9hVw3ksM5sEb-cPp4AaABAg,2024 like karo
Ugz8OsdnBCFU8ey8Ds94AaABAg,raftaar is ur father or baap se behas nhi krte bete
Ugz8OsdnBCFU8ey8Ds94AaABAg.A7gITwXNH5yA7gKJJf6eSx,
Ugz8OsdnBCFU8ey8Ds94AaABAg.A7gITwXNH5yA7gqjcFetsS,mere bete idhar kya karraha hai
Ugz8OsdnBCFU8ey8Ds94AaABAg.A7gITwXNH5yA7h6vhvF-OU,emiway is always best
Ugz8OsdnBCFU8ey8Ds94AaABAg.A7gITwXNH5yA7jeBvr9vGY,raftaar ka tatta aa gaya
UgzooBKdta8p8WlErw54AaABAg,
Ugw7AQZwGFGivwClzoZ4AaABAg,ye rap show hai rap kar
UgwXhdiBthp2SQEZP8d4AaABAg,proud to be bkp
Ugw1oykId54d23A724R4AaABAg,thank god i witnessed this beef in 2019
Ugzw4sKoD0UKa2yukmV4AaABAg,koee nhi hain laal samne khada la hain bilal
UgxbmZuWJ-fgW7a7H7h4AaABAg,q chedte ho emi ko
UgwLH3qJajBts8gpSux4AaABAg,ky ree beta jake dekh le bss elvish bhai ke naam se hi jitna total. views tha pure song uska barbara bss ek. song
Ugx2-J-kXFY7WDDldfB4AaABAg,
Ugwu2cj7B1xXijyTBvB4AaABAg,2024 august 28
UgxhHndYsoe_9x9PMAB4AaABAg,2024 wale like kare
UgxzIdpsHxrReWVKTCN4AaABAg,august 2024
UgxvzVfVzuMjPZpTk9h4AaABAg,"cleanest diss, only facts and bars"
UgxvzVfVzuMjPZpTk9h4AaABAg.A7ah7V7CtEKA9wZHNVlVjI,coming again
Ugys7mfnO-LVsqdGltV4AaABAg,emiway and raftaar brought real hip hop to the indian audience
UgwzPP5f1Wtkv_4miiR4AaABAg,kaun kaun roko 2mg diss ke sath hi agya idhr mujhe to next automatic yehi agya
Ugx10W1G7yQtRXzBT3x4AaABAg,emiway bantai malum hai na jinko nhi malum unko nhi malum padjayega emiway bantai
UgzUIptwffhJ8ZrVw6l4AaABAg,emiwey bantai legend 2024
UgzeGapKKlOuuVnFWbN4AaABAg,rrrrrrrrroarrr
UgzXaKjhs2Zutke3X4V4AaABAg,"2024,maind"
Ugz2CCoH_KyvhvW8e154AaABAg,bhai teri voice acha karle pehle uske bad raptar ke bare me bat kar
Ugy8gbUEeGaUApy2VwF4AaABAg,25 august 2024
Ugz3Lzik2N8zoPWAPd14AaABAg,sala inlogo ki alag hi duniya
UgxTjZlq8DBjN4TRTx14AaABAg,bkp...purav jha disrespecting emiway and taking money from raftar
UgyaIK_fDwPz3FNLsux4AaABAg,"katele wire, tutele tyre!! ye hard hain? swaloona ka pink kayse hain?"
UgyAOd9HfBZz1-W9iLh4AaABAg,2024
Ugye6hu7sKVyfmv_tap4AaABAg,i love banta
UgxDSwn-WmmUYlWxqw54AaABAg,why was the song named giraftaar
Ugx_uW97HqoPzKHdw-54AaABAg,
UgwjQZ5EHbMVjrBFYz54AaABAg,23 august 2024
UgwOvDTDYPOBdIbxXN14AaABAg,anyone aug 2024
UgyVYmHstcv0ftjKtHR4AaABAg,2024 anyone
UgzRgYBSEYi4ckWm_Zt4AaABAg,raftaar made his carrier
UgzRgYBSEYi4ckWm_Zt4AaABAg.A7TrRaMCvXsA7mF3d87Gce,but yah bunty yah accept nahin karega
UgyHpd1tXDzYG9WiPbJ4AaABAg,
UgxHAOh7OwfXT1_YHwV4AaABAg,is ko sun ke king ke liye bura lag rha he brrip king
UgxHAOh7OwfXT1_YHwV4AaABAg.A7S_SmpuAftA7mF1Qeskay,no
Ugzon8fEJ1u2ask4PUJ4AaABAg,
UgzmRM73JJKn2rYZ8954AaABAg,2024 attendance here
UgxAUYpuoQzGOhMS5L14AaABAg,"ostat, firche aa geya..."
UgxWGViqJ7jymSv2TeZ4AaABAg,sachaa musalman nahi sachaa insaan huun this line alone make emiway won the beef
UgynHYoKKP-7Z2wr94F4AaABAg,mr. chapri
Ugzh-vOUJWrb705ytYB4AaABAg,raftaar marwake maanega emmiway gt;raftaar asli e lafda toh yha hai
UgweEGkWF94WcKdivCp4AaABAg,nich gaya to mera 2018 wala comment mil gaya
Ugy0-yqfWWxyLAmJOpt4AaABAg,bhot hard
Ugw8GvX5GaWEl-2KxWh4AaABAg,me who watch accidentally this diss battle but every time i see this nostalgia hits hardd
UgwlV_2Bf_ugvzEleBl4AaABAg,anyone in 2024.?
Ugxivq7-u9Ft5bJeBy54AaABAg,sadka remix chaiye
UgyPMq59XoF7jpQpEz14AaABAg,2024 still listening always
UgxxA6Qtn42EuT9g_m94AaABAg,kya huaa krsna ko nhi hara paya
UgyNFo6-xoPe925v3-N4AaABAg,
UgwKjv0_V3Pb34BXo5l4AaABAg,good
Ugx_9yAsFrwjpqn6-h54AaABAg,raftaar bol rha tha ek do peti nahi khoke khata hu
Ugw_8obH4s7FRPS2mh14AaABAg,"a href"" brafter these words..brkrna diss emiway amp; shuttered him"
Ugwi8CpeX_KS851Q_wd4AaABAg,no one compitate emiway
UgwiaKD4t2pCHk0X6AZ4AaABAg,
UgxjlO4uiyGtlCtnxvp4AaABAg,2024 welcome guyz
UgzVoMtUwStuFMCUwtl4AaABAg,2.34
UgzmhXivRxSxhlWqrhZ4AaABAg,2024 me kon kon aya 5 saal piche jane ko
UgyftnvmgUV-fD8Tp614AaABAg,"a href"""
Ugy8zJ7_lcKnrpmqpOl4AaABAg,anyone in 2024 ??
UgwWom5wl_H-PJeFWJ54AaABAg,3 din me hee diss kar diya ye hai bantai
UgxBWap878DuajM3RQR4AaABAg,
UgzLciWys-DEszx3UkR4AaABAg,129.m
Ugx6ewJwGUQ5fqyyXbx4AaABAg,sheikh chilli mein 14c and 25lk like iss song mein 12c and 27lk likes bantai the boss badshah kaa chush jake raftaar hahhaahahua jake bistar pee graftaar
UgwB_nLHRj2umRzY3md4AaABAg,
UgwVMyGU1w3row_JBrB4AaABAg,aug 2024 wale ajao bhai best diss in indian hip hop
UgyL0-wzoirJQLxfHft4AaABAg,also on top
UgxY7WriX36oSYlCrL14AaABAg,nice
UgwLNXyh4MCULlCp-a14AaABAg,
UgwLWHVy2OO26eAah7l4AaABAg,"a href"" o mere laaal"
UgygJV8ktP9pgudEPvV4AaABAg,2024 me kon dekhra hai
Ugyt6lZCHRkob854Ibp4AaABAg,jitna suna utna kam lagta h yarr
UgzrukZ6mQZeiVbgvu14AaABAg,2024 kon hai kya company
UgyJjNgjZn2fpZ-lTj94AaABAg,future hi re babwaa 5 sal se sun raha hu wahi vibe
UgxCraja4FSweHzaHV54AaABAg,2024 me kon dekh rha hai
UgxDV0o4ymlLSyYPlcN4AaABAg,bhai mera naam aap ne gaane me ek baar lena bhai sushhir please
Ugy8aHAzXyhcESku8cZ4AaABAg,bakki sab hai chillr aap hai killar
UgwveQBkz5Z3L7su32F4AaABAg,amiwy aap se milna hai bhai ka bohot bada fan hu bhai
UgyAXrWoR3R-IE422XF4AaABAg,asli cod toh yeah krenge
UgzuyqzsLbpurZsI9jl4AaABAg,bantai se mat lago lala
UgyRrAzmw2awueyoUlJ4AaABAg,bhai tu phir se aagaya ?
Ugwn50FpNcFO1tNnJvt4AaABAg,mood swings?
UgxGHsJrXb2UaO0rxwR4AaABAg,2024 kon sun raha hai
UgyhgYDOsXKeDa17Vj14AaABAg,any one in 2024
Ugx-JodwFU74Y_f5ENd4AaABAg,bhai yahi emiway chahiye 2024 se
UgxYTh6cQ74Hg6kT_c94AaABAg,hatt be jhhat ke laude madrchod....are lnd ke tope thoda khud ko dekh to le..sale hai kya tu laude..
UgxGcqPy8_wPkU1iOsl4AaABAg,fire hai
UgzIfDhN-ouFGdZBSwZ4AaABAg,how watching 2024
UgzsFQs_GageGvBvH5R4AaABAg,ak47 firing rapping ke mamle me pagal sa rapper hu
UgxaefWbRmVuz_LbOKN4AaABAg,2025
UgxMNHynl7yqP58n7wF4AaABAg,killing lyrics.
UgwvMuWbHxM384oVQPZ4AaABAg,bhai
Ugx9P0kIdAaW1V0AZ254AaABAg,ye diss hain ??? point kidhar hain
Ugx9P0kIdAaW1V0AZ254AaABAg.A72SrX3rQ79A79DE3suJgY,baccho ke liye nahi hai ye song tu yaha kya kar raha ?
UgyDa8rBoiuUSYWhJfV4AaABAg,king funeral seen start
Ugwy3M5K4icC99b5uq54AaABAg,"a href"" khana khilaya na paisa le brstudio kiraya bharaya tha na paise le brbrpaise le wali mast line hai"
Ugy26dVFsdY6zDber614AaABAg,2025
UgxZhoUfT4Ag8h3I4H14AaABAg,after 5 years. but still give goosebumps brmalum hai nah...
UgydNMqSTUlo3F2rm5R4AaABAg,abhi kon sun raha hai 2024 mein?
UgydNMqSTUlo3F2rm5R4AaABAg.A71FMW3tal7A71axt51xsm,tera baap me
Ugx9eSrvcizy16sUc614AaABAg,"haqseee a href"" ki public"
UgwPxHxoZ9AwUUWgy6B4AaABAg,..
UgyOcuTkfzNl4bubhrR4AaABAg,yah diss sabse alag hai. kabhi bhi suno maja hi aayega..
UgxTrxk4rTGH6KM_DvR4AaABAg,2020 mein aagya
UgxKjzBtUbXwF6f13nl4AaABAg,conspiracy this rap battle was for promotion of gully boy movie
Ugw2-ml2NBjqZx7VlHN4AaABAg,2024??
UgzwIlbt8Pme6NyYk_F4AaABAg,pirse ake me tak tak karega nice one
UgzDtAZiy60GuJWcJnJ4AaABAg,anyone hear.from2024
Ugy5j5ZVa_CsZVA8_ZJ4AaABAg,a rha hai a rha dusra diss a rha 12 bje ...stan aur king pe
UgwAPWi2PKlMc3bBEe94AaABAg,king k liye post ki usme sunke phir se sun n aa gya
UgwAPWi2PKlMc3bBEe94AaABAg.A6y8TgncajYA6ygzHN7l10,main
UgwAPWi2PKlMc3bBEe94AaABAg.A6y8TgncajYA77q6WFKaVE,me
UgwAPWi2PKlMc3bBEe94AaABAg.A6y8TgncajYA7HMASgLGf4,main to aata hee rehta hoon
UgwAPWi2PKlMc3bBEe94AaABAg.A6y8TgncajYA7e-1rKQLLo,main bhi
UgwAPWi2PKlMc3bBEe94AaABAg.A6y8TgncajYA7h4qkzyVFt,we are same bro
UgwAPWi2PKlMc3bBEe94AaABAg.A6y8TgncajYA7hD7iOW6Wx,same bhai
UgwAPWi2PKlMc3bBEe94AaABAg.A6y8TgncajYA7jPHpKct0_,same bhai sare purane diss sun liye
Ugw8mK6qGPIIefgvXVR4AaABAg,advance rip babu jadu
UgwrQrPwuoEKpJ20A6V4AaABAg,bantai ka post dekh ke kon kon aaya hai sune
UgwrQrPwuoEKpJ20A6V4AaABAg.A6y3wo4wijbA6yCTqtS1nr,
UgwrQrPwuoEKpJ20A6V4AaABAg.A6y3wo4wijbA74cQ6zuIJ-,
UgwrQrPwuoEKpJ20A6V4AaABAg.A6y3wo4wijbA7C4o3XVgcq,ye bro i came .... bkp
UgwIPj-BmYHJm4rq5Ot4AaABAg,raftaar made him famous
UgzwjTGO5wz1nxVrZdB4AaABAg,dho dala
UgwvFY67xNHMGPvOZ0Z4AaABAg,teri picture mai hi banauga
Ugz5JnBCNdMZzYJy1Uh4AaABAg,who is listening this masterpiece lethal diss in 2024 give a like
UgzLkB1hUqAkITKkcxN4AaABAg,
UgwJIAyHNePVxxQpcft4AaABAg,2024wale like kro
Ugy6HL9PbUkcCW4MzhR4AaABAg,samajh nahin aaya to samajh mein aaega devine aur naezy pe picture bani hai tu kya baith ke chhote cartoon banayega add this line
Ugw_ohQcbpn6-USEvz54AaABAg,bahai ek alag se energy ata hai es. gane se
Ugwb6-Aluq0haRCzwKd4AaABAg,agli baar paisa main laega warna tu firse ghinayega
UgyRuAhCXv7m3ym8bKp4AaABAg,love from nepal
UgwTK-Gd1iUFRUgQHbd4AaABAg,raftar ki maa chod di es bhai ne
UgyaSnqxJFQ9dMwIsAh4AaABAg,old memories
Ugz7_7VtHvFkS4TNX0B4AaABAg,"a href"""
UgxEaifbmVgTEx7kR_x4AaABAg,emiway bantai
UgyipCqYL7sYO8ZEq4d4AaABAg,watching in 2024
UgzNiKrP_mjdIGk4Ez14AaABAg,omg
UgyIpntnjhw_O2_rHFR4AaABAg,fikaro ka ganna
UgzbzVdLHaHLDU8enct4AaABAg,2024 anyone
Ugw1I_jDSEOlhw6SyIB4AaABAg,2024???
UgxQfehl9EqBLGSdUh94AaABAg,raftaar se phele tu tha kya
UgxFRDLvnl8AqZjfnuh4AaABAg,"yr naezy in sab se bda naam hai, salary mere ko ab pta chal rha.."
Ugy0k7R5ijBMCHKUUyp4AaABAg,5 saal ho gaya kaha hai song
UgwSsjyu1Kz_6TW-vMF4AaABAg,anyone 2024 ??? but love raftaar
UgxkPVSAD8TqNQyZMmZ4AaABAg,emiway bhai raftaar bhai ke barabar nhi aa sakte ho aap
Ugx2ttqOOni03tlMAnZ4AaABAg,anyone 2025?
Ugx2ttqOOni03tlMAnZ4AaABAg.A6gjnFUfqunA6i1VqrxHd1,ane to de 25
UgzL7pun-rvMVHU2Urx4AaABAg,bhi ne akdom sehe jabab diya.??????
Ugxh6J_HGOXeMBsmvwR4AaABAg,neazy
UgzdvNoGc0WRMLlEjod4AaABAg,raaaftaaar is besst
UgyrNtgROBh9ZC4RSzR4AaABAg,the only rap 5 years ago which change the whole game of hip hop and raftaar brepic lines in someone backyard
Ugze234rZTmhyUyp_hh4AaABAg,
Ugx_590XzVi41f4trFN4AaABAg,
Ugx1ArvtFpZbi92Oa9t4AaABAg,
UgxRuuy7nZCnlRWN7xF4AaABAg,
UgyXVkR6irOhfETwc0B4AaABAg,2 aug 2024
Ugzu9EmniHAil2EQu7V4AaABAg,13oct31oct
Ugw7i36HlqEcRNj0RI14AaABAg,
UgyX1G7H3x97MOWDHxF4AaABAg,neazy bhai
UgwGN4E9woJfuF1FNA54AaABAg,aaj bhi ye song mujhe yad hai bhai ki enrgy level that kon chikki kon chakkli
UgxpuXSNPlZltMspDWR4AaABAg,eow bai kia howa he bai l am frend ho gaya
Ugy6nTYS3bT6kBxbcxR4AaABAg,bhai bantai se panga nahi warna nanga kar dega
Ugz0saQ7oVd4qMT4zIB4AaABAg,01072024 date
Ugy_EDteOoem5kqGjzR4AaABAg,31 july 2024 any one
UgyM5n3Y0ocmEZAYgPx4AaABAg,those ho watch in 2025
UgwcEHZzZ-AdIFeBzbt4AaABAg,i think raftaar did better
UgxwyiFmdspvLiKN-7t4AaABAg,neazy winner botton
UgxoTuKJ1NcA4VD6-Sh4AaABAg,aaa pakad le mera ............... flow
UgxAJIfDmtDav-Utgth4AaABAg,anyone in july 30 2024
UgziDFrI-QDkzC8ZbpV4AaABAg,neazy
UgyPuppgyHNCbkinb4V4AaABAg,
UgwkfbqE7zaUl6lXRfp4AaABAg,last 30 sec
UgySTF-k9FecdW_eHZ54AaABAg,raftar ko pel diya
Ugxybhpgg0zb3aMPmft4AaABAg,samj me aaya mya
UgxoLkQLomIMhNKSsU54AaABAg,shekh chilli ke baad kon aya hai ?
Ugwsfr9lyYRvS4HdUEt4AaABAg,4 day mai bana hai gana really
Ugyteh7A4qjcxrZp66N4AaABAg,emiway king
UgwGNs5xN4CVK-0iNZ54AaABAg,
UgwgYff-3ePZZSvjLuZ4AaABAg,ayone 2025?
UgwTP5JPRA_vHQq1Ueh4AaABAg,bantai
Ugyj64mLXs-qRUIMQHx4AaABAg,raftaar ka band baja dala
UgzBhOYFG6IaQdRJLV94AaABAg,
UgyKi47ffAVTFLgFZzl4AaABAg,emiway bantai favourite my rapper
UgyNjNqShaYqCeRP-UJ4AaABAg,neazy bro
Ugx2X4cLsR4luQHQQrd4AaABAg,let appreciate emiway that how hard he is rapping in this beat
Ugyczx92j7rCV2X0m0p4AaABAg,yeh pagal rapper mera koi muqabla nahi kar sakta
UgzvjlguUonLgHwhbup4AaABAg,anyone july?
UgyvOpSNqUBguBNSW-l4AaABAg,even 5 saalon baad beef continue hai.brpar emiway bhi in 3 gano ki trh gana nahi de paye..waps
UgwN8EI0ESoN6mg9uwd4AaABAg,mc stan dil se like
Ugxd8BY8jVfqyCn35Ap4AaABAg,anyone 2035????
Ugxd8BY8jVfqyCn35Ap4AaABAg.A6JCbbRa6McA6TKsTDi_rn,me bhai
UgyBPPyfqPaCZppVrP14AaABAg,july 2024 wednesday 24
UgxFaS12KHYOLEdftUZ4AaABAg,1 42 nazey the ba
Ugw--5ajtowuLscmUhl4AaABAg,bola hu tc
UgwGZnAn_xYMojZovtd4AaABAg,23july 2024 vibe abhi bhi hard hai
Ugynnxqr1P6YnPs1Gj94AaABAg,i...b
UgwW2nqaKte0gWakXa54AaABAg,fav diss
UgyFfhWHH4tOaA8NRap4AaABAg,emiway
UgwezrOmzeESQMKX9q14AaABAg,abhi raftar se thak thak karne par hi tera career chal rha hai
Ugz1_ngHSBOvOf2xz0B4AaABAg,anyone from the future after youtube end 2042
Ugwyn90UlmPEQFVVkUV4AaABAg,anyone july 2024????
UgzpnsOkiq9ZNxPUYU94AaABAg,
UgyPDvJROYYWPqwKJmt4AaABAg,
UgyLKzf7FHvj_75U4vZ4AaABAg,full fire
UgwGK0t0mIHI4RquSyl4AaABAg,chillane se bante kyabrepic!!!!
UgxMt_hVa7sRgJ85G4d4AaABAg,such a masterpiece
UgwrIAQIUrSUGIDxgtp4AaABAg,
Ugz1pGdAIT964OBLe6h4AaABAg,anyone 2025
UgwXcvM12OCWZXkLuNd4AaABAg,anyone 2025
Ugw1hbfa5MQAYkbTAKN4AaABAg,fire
UgzxBR_9P-ckpvUVesF4AaABAg,start very funny raftaar marwke maanega khtrnk diss
UgwRpj3U23YXjFBQG594AaABAg,2018
Ugwc9U4e0XG6ht67JSh4AaABAg,1972024
Ugy_-CMaGBjWVPuTmI54AaABAg,anyone frm 2k24
UgyJK_X2xtxLcJlU8pd4AaABAg,i love you ewiye
UgzyphnTuTtbQxKYv-R4AaABAg,2018 ko yaad kare
UgwkSAKkWMw5qkdqKtd4AaABAg,nice song
UgyfgyglC6tloWDf4qx4AaABAg,anyone 2025
UgxAC806GkGEdOG04X14AaABAg,raftaar raftaar huwa griftaar
Ugx-wjyMxOP4EB-Qgfh4AaABAg,we guys made a wrong person famous
UgwQGuNxWve6V1wvjMV4AaABAg,missing this emiway
Ugy8HPuSDSTgRQfXG8p4AaABAg,lets see how many legends listening this rap in 2024
UgxgILo31UA6_RhmfL14AaABAg,haq se bkp
UgxFOdOKO5JdYGT4UcZ4AaABAg,
Ugy1g4QEOFl4kQBIR1l4AaABAg,11th class 2018 memories
UgzqXjULstNoKS4croR4AaABAg,anyone in 2024
Ugw8MijNQ9h1m31_tpp4AaABAg,"yr kuch to baat hai a href"" me sab rapper respect krte hain"
UgwKs2ECSM0HZBzpROB4AaABAg,anyone 2028
UgxbJ-aOpTBp11Zidy14AaABAg,eniway ne marva li
UgxcyD9EbXabw_81HU14AaABAg,old memoriesssss
UgzCJWDZefFRSSbZrTt4AaABAg,anyone after gani bhai.??
UgwpLPJn_-y2_rEpQIl4AaABAg,1006 pm br14 jul 2024
Ugy3hQA1Yu8hTxbGahp4AaABAg,
Ugz0FrUv0iKbUNq-zwp4AaABAg,musalman hai jabhi to dogla hai
Ugyhqv5P8eZ7CXFtSlB4AaABAg,op bhai video
UgxZQU9YNC1b2SV3PKF4AaABAg,2024 still got vibes
UgwYXozumRc5TIzv5wp4AaABAg,
UgziHrbllfIdjPbOSdh4AaABAg,2024 me kon kon dekh rha ha wo like kre ktter emiwey fan
UgwQUMO_kcIiR1q3AeB4AaABAg,yes i39;m
UgzyHFoVJyv-TRYvwRN4AaABAg,2024 11 july k baad kon dekh ra h
UgzyHFoVJyv-TRYvwRN4AaABAg.A5l5hPaMOPSA5ssnMXM_pI,me
UgxvAZqC_0SK9w0DkVF4AaABAg,sachha musalmaan nhi sachha insaan hun....
UgySXb4Dd0S17cLu-Xl4AaABAg,shekh chilli siyana hey maza a gaya hahaaaaaaaaaaaaaaaaaa
Ugwnd2G7TX57HdDdZUZ4AaABAg,anyone 2024 july??????
UgzTxPhNx5PAVTs-FNF4AaABAg,and finally raftaar won
UgzTxPhNx5PAVTs-FNF4AaABAg.A5gbw2Li8XvA5lW6PU2ddQ,"chal be raftaar ko bhg bhga dala emiway ne,zindagi me itne views and subscriber nhi bna skta woh"
UgzTxPhNx5PAVTs-FNF4AaABAg.A5gbw2Li8XvA63r16qth7K,raftaar ke fans creating their own happiness
UgzTxPhNx5PAVTs-FNF4AaABAg.A5gbw2Li8XvA63s8gzELYs,raftaar ko jarurat nahi hai hype ki... he is a brand
UgxVO-ENeUt6_9RGzkZ4AaABAg,
UgwM6xVsjWoMTb_j0sl4AaABAg,2024 is emiway bantai year
UgzAqTIqpkEaE95bbyB4AaABAg,king
Ugwb_E1Fjqna2JVOxC54AaABAg,emiway ko koi khatam nahi kar sakta full spote bhai
Ugxl0uL6EgAKVFrDiol4AaABAg,kon kon 2024 me.....?
Ugzg_FO7LMH3HLlU1Gt4AaABAg,sub like kro
UgyJJgbwp4WXuzLIEEl4AaABAg,neazy ka nam sunne aya hu
UgyJJgbwp4WXuzLIEEl4AaABAg.A5_tze6fvNYA5msJ7hyDMy,me too
Ugwg5hFRE7--uRH6GyZ4AaABAg,anyone in july 2024
